followers,following,hireable,repos,created_update,plan,blog,company,org,languages,forks,stars,frequencyCommits,inDayCommits,countCommits,forks_r,stars_r,contributors_count,created_update_r,commits_repo,frequency_repo,inDay_repo,addLine,delLine,count_views,followers_s,following_s,hireable_s,repos_s,created_update_s,plan_s,blog_s,company_s,org_s,langs_s,forks_s,stars_s,freq_commits_s,in_day_commits_s,count_commits_s,forks_r_s,stars_r_s,contributors_s,created_update_r_s,commits_repo_s,in_day_repo_s,frequency_repo_s,add_line_s,del_line_s,count_views_s
27,6,0,2,3,0,0,0,0,2,2.408,0.301,18.49,1.82,7.96,1,8,1,3,2,8.3,1.38,6,2,32,3.87,1.01,0,4.002,4.648,0,0,0,0.0,2.709,,,0.0,1.671,2.947,0.602,1.806,0.753,1.27,1.505,3.02,0.205,5.836,1.019,2.164
7,0,0,5,1,1,1,0,1,2,0.602,1.398,11.9,1.6,8.94,1,8,2,4,2,9.89,1.31,1,2,46,2.29,0.0,0,4.313,3.243,2,2,0,0.861,2.709,,,0.013,1.312,3.18,0.602,1.806,1.505,1.163,1.505,2.532,0.093,0.753,1.019,2.391
16,7,1,1,4,1,1,1,0,3,2.796,0.301,16.7,1.79,9.81,1,9,1,4,3,6.9,1.76,13,3,19,3.25,1.1,1,3.994,5.366,2,2,3,0.0,4.294,,,0.001,1.625,3.371,0.602,1.908,0.753,1.624,2.868,5.301,0.413,8.355,1.615,1.839
11,2,0,3,4,0,1,0,0,1,1.204,1.204,6.07,1.48,7.36,1,8,2,4,5,9.05,1.99,13,2,40,2.81,0.39,0,3.815,5.217,0,2,0,0.0,1.355,,,0.24,1.094,2.792,0.602,1.806,1.505,2.274,4.894,6.453,0.141,8.355,1.019,2.304
30,10,0,4,2,0,0,0,1,2,1.204,0.0,11.18,1.96,3.19,0,2,1,2,2,6.03,1.39,4,5,25,3.99,1.3,0,3.762,3.564,0,0,0,0.861,2.709,,,0.019,1.878,1.306,0.0,0.602,0.753,1.281,1.505,3.088,0.638,4.515,2.366,2.01
8,10,1,3,4,1,0,0,1,3,2.796,0.954,10.16,1.94,2.03,0,2,1,4,7,4.11,1.65,2,5,3,2.44,1.3,1,3.248,4.72,2,0,0,0.861,4.294,,,0.031,1.849,0.654,0.0,0.602,0.753,2.472,6.385,4.696,1.665,2.258,2.366,0.686
16,0,0,1,1,1,0,1,0,1,2.796,0.0,8.13,1.19,8.52,1,10,2,2,7,4.03,1.17,8,5,1,3.25,0.0,0,2.909,1.328,2,0,3,0.0,1.355,,,0.086,0.485,3.083,0.602,2.0,1.505,1.714,6.385,1.472,1.733,6.773,2.366,0.216
8,6,1,1,2,1,0,1,1,1,0.0,1.204,11.73,1.42,3.62,0,8,2,1,1,5.78,1.93,8,8,29,2.44,1.01,1,2.46,1.916,2,0,3,0.861,1.355,,,0.014,0.979,1.51,0.0,1.806,1.505,1.141,0.502,1.423,0.167,6.773,3.057,2.103
15,3,1,2,3,1,1,0,0,2,1.908,0.301,11.98,1.49,6.24,1,3,1,2,6,5.98,1.54,0,2,50,3.18,0.62,1,3.3,3.961,2,2,0,0.0,2.709,,,0.013,1.113,2.474,0.602,0.954,0.753,1.39,5.688,4.049,0.654,0.0,1.019,2.443
27,9,0,4,2,0,0,0,2,2,1.204,1.398,6.34,1.35,4.54,0,1,2,2,3,7.27,1.28,12,7,45,3.87,1.24,0,3.299,3.028,0,0,0,1.292,2.709,,,0.21,0.837,1.894,0.0,0.301,1.505,0.576,2.868,2.315,0.343,8.094,2.861,2.377
20,2,1,2,3,0,1,1,2,1,1.204,0.954,5.08,1.67,4.88,0,5,2,5,9,8.99,1.24,8,6,30,3.52,0.39,1,3.698,4.36,0,2,3,1.292,1.355,,,0.394,1.431,2.022,0.0,1.398,1.505,3.308,7.568,2.017,0.145,6.773,2.634,2.124
23,0,0,5,2,0,0,1,1,2,1.204,0.0,8.83,1.85,1.75,2,5,1,4,4,6.91,1.35,14,5,26,3.68,0.0,0,3.425,3.178,0,0,3,0.861,2.709,,,0.06,1.717,0.471,1.204,1.398,0.753,1.993,3.972,2.814,0.411,8.596,2.366,2.035
18,2,0,3,1,0,1,1,2,2,0.0,0.954,12.39,1.94,9.15,0,3,2,2,4,5.22,1.84,14,7,39,3.39,0.39,0,4.439,3.388,0,2,3,1.292,2.709,,,0.01,1.849,3.228,0.0,0.954,1.505,1.912,3.972,5.718,0.956,8.596,2.861,2.288
16,0,1,3,3,0,1,0,0,1,2.408,0.954,18.37,1.59,3.77,1,7,1,1,1,5.11,1.67,5,7,40,3.25,0.0,1,3.181,3.837,0,2,0,0.0,1.355,,,0.001,1.294,1.577,0.602,1.69,0.753,1.043,0.502,1.11,0.233,5.242,2.861,2.304
13,4,0,2,4,1,1,1,0,1,1.204,1.398,13.03,1.45,1.23,2,2,2,4,9,5.6,1.08,7,7,13,3.01,0.79,0,1.903,3.347,2,2,3,0.0,1.355,,,0.007,1.037,0.117,1.204,0.602,1.505,2.867,7.568,0.722,0.791,6.338,2.861,1.602
20,0,1,3,1,0,1,0,1,3,0.0,1.398,6.71,1.64,7.53,0,7,1,3,10,9.96,1.48,14,5,8,3.52,0.0,1,4.021,2.892,0,2,0,0.861,4.294,,,0.175,1.38,2.837,0.0,1.69,0.753,3.079,8.081,3.676,0.089,8.596,2.366,1.299
23,2,1,1,1,0,1,0,0,1,1.908,1.398,10.6,1.22,3.33,0,10,1,3,10,7.6,1.42,3,3,35,3.68,0.39,1,1.94,3.026,0,2,0,0.0,1.355,,,0.025,0.555,1.374,0.0,2.0,0.753,2.054,8.081,3.288,0.291,3.578,1.615,2.22
12,1,1,5,1,0,0,1,1,2,0.0,0.602,17.89,1.99,7.01,1,3,1,4,4,9.99,1.07,8,3,16,2.92,0.2,1,4.568,3.533,0,0,3,0.861,2.709,,,0.001,1.92,2.697,0.602,0.954,0.753,0.847,3.972,0.634,0.088,6.773,1.615,1.731
17,0,0,4,3,0,0,0,0,1,0.602,0.301,19.56,1.13,3.39,1,0,1,2,7,5.28,1.5,10,8,43,3.33,0.0,0,2.345,2.88,0,0,0,0.0,1.355,,,0.0,0.341,1.403,0.602,0.0,0.753,2.393,6.385,3.802,0.928,7.5,3.057,2.349
22,3,1,2,2,0,1,0,1,3,2.796,1.204,14.43,1.95,6.44,1,4,1,4,9,4.62,1.94,1,0,5,3.63,0.62,1,3.975,3.795,0,2,0,0.861,4.294,,,0.004,1.864,2.534,0.602,1.204,0.753,1.839,7.568,6.214,1.29,0.753,0.0,1.005
21,7,1,5,4,1,0,1,1,3,0.602,0.602,12.23,1.29,6.14,0,6,1,4,3,7.86,1.14,10,7,45,3.58,1.1,1,3.462,4.913,2,0,3,0.861,4.294,,,0.011,0.711,2.444,0.0,1.556,0.753,1.297,2.868,1.229,0.255,7.5,2.861,2.377
14,0,0,2,1,1,1,0,1,2,2.408,0.0,17.65,1.25,8.9,2,7,1,2,2,5.09,1.87,14,8,25,3.1,0.0,0,3.194,1.769,2,2,0,0.861,2.709,,,0.001,0.623,3.171,1.204,1.69,0.753,1.042,1.505,5.87,1.02,8.596,3.057,2.01
26,2,0,4,4,0,1,0,2,3,0.602,1.398,9.84,1.12,2.91,0,4,1,3,6,8.01,1.73,14,5,27,3.83,0.39,0,2.217,3.697,0,2,0,1.292,4.294,,,0.036,0.316,1.164,0.0,1.204,0.753,2.536,5.688,5.14,0.237,8.596,2.366,2.058
22,5,0,2,4,1,1,0,2,2,1.908,0.602,12.4,1.92,8.31,1,7,1,1,6,8.47,1.78,10,2,35,3.63,0.91,0,4.172,5.51,2,2,0,1.292,2.709,,,0.01,1.82,3.033,0.602,1.69,0.753,1.41,5.688,1.248,0.043,7.5,1.019,2.22
27,7,0,5,3,1,1,1,2,3,2.408,1.204,18.96,1.47,1.34,1,10,2,4,10,4.39,1.22,9,5,40,3.87,1.1,0,2.611,3.201,2,2,3,1.292,4.294,,,0.0,1.075,0.19,0.602,2.0,1.505,3.209,8.081,1.865,1.448,7.157,2.366,2.304
24,4,0,3,1,0,0,0,0,2,0.0,1.204,7.88,1.88,4.88,2,6,2,5,6,7.89,1.36,8,6,13,3.73,0.79,0,3.897,2.736,0,0,0,0.0,2.709,,,0.097,1.762,2.022,1.204,1.556,1.505,2.857,5.688,2.883,0.252,6.773,2.634,1.602
1,4,1,3,4,0,0,1,0,3,2.796,0.602,15.2,1.55,2.01,1,9,1,5,10,4.29,1.47,8,8,23,0.27,0.79,1,2.613,4.111,0,0,3,0.0,4.294,,,0.003,1.223,0.642,0.602,1.908,0.753,3.996,8.081,3.613,1.522,6.773,3.057,1.958
10,6,0,2,3,1,0,1,2,1,1.908,0.301,15.35,1.34,8.89,0,3,1,3,6,8.03,1.24,7,5,8,2.7,1.01,0,3.372,4.035,2,0,3,1.292,1.355,,,0.002,0.817,3.169,0.0,0.954,0.753,1.671,5.688,2.017,0.235,6.338,2.366,1.299
9,5,1,5,4,1,0,1,1,1,2.408,1.398,16.79,1.91,9.28,0,2,1,2,2,5.01,1.28,8,2,22,2.58,0.91,1,4.717,5.931,2,0,3,0.861,1.355,,,0.001,1.806,3.256,0.0,0.602,0.753,1.198,1.505,2.315,1.062,6.773,1.019,1.93
2,7,1,1,3,1,0,1,1,3,2.408,0.954,11.92,1.24,6.1,2,7,2,2,4,4.67,1.94,8,5,14,0.81,1.1,1,2.594,3.181,2,0,3,0.861,4.294,,,0.013,0.6,2.431,1.204,1.69,1.505,1.538,3.972,6.214,1.259,6.773,2.366,1.648
28,9,1,4,1,0,1,0,2,2,1.908,1.204,17.64,1.04,5.4,2,9,2,1,10,8.53,1.76,4,0,6,3.91,1.24,1,2.565,0.749,0,2,0,1.292,2.709,,,0.001,0.109,2.205,1.204,1.908,1.505,1.407,8.081,1.223,0.042,4.515,0.0,1.119
7,9,1,5,2,0,0,0,0,2,0.0,0.602,15.08,1.3,6.42,2,4,1,3,1,6.95,1.35,5,0,18,2.29,1.24,1,3.515,3.284,0,0,0,0.0,2.709,,,0.003,0.732,2.528,1.204,1.204,0.753,1.025,0.502,2.814,0.403,5.242,0.0,1.805
12,6,1,5,2,0,0,0,0,1,0.602,0.301,19.46,1.96,9.77,1,1,1,1,7,6.19,1.3,4,8,12,2.92,1.01,1,4.814,4.628,0,0,0,0.0,1.355,,,0.0,1.878,3.362,0.602,0.301,0.753,0.678,6.385,0.568,0.136,4.515,3.057,1.552
13,2,0,5,1,1,0,1,0,3,2.796,0.954,7.03,1.86,5.49,1,7,1,3,3,7.08,1.54,11,5,27,3.01,0.39,0,4.338,3.272,2,0,3,0.0,4.294,,,0.149,1.732,2.235,0.602,1.69,0.753,1.165,2.868,4.049,0.377,7.81,2.366,2.058
17,6,0,2,3,0,0,1,0,2,2.796,0.954,9.27,1.05,7.04,0,9,2,1,4,4.51,1.01,15,1,35,3.33,1.01,0,2.518,3.091,0,0,3,0.0,2.709,,,0.049,0.136,2.706,0.0,1.908,1.505,1.185,3.972,0.022,0.315,8.821,0.34,2.22
4,7,0,5,1,0,0,0,1,1,0.602,1.398,18.44,1.4,5.97,1,0,2,4,2,4.83,1.62,7,8,22,1.63,1.1,0,3.627,2.383,0,0,0,0.861,1.355,,,0.0,0.939,2.391,0.602,0.0,1.505,1.441,1.505,4.524,1.162,6.338,3.057,1.93
29,8,0,1,3,1,0,0,1,2,1.908,0.0,7.26,1.25,7.31,2,9,1,3,5,9.1,1.83,6,0,3,3.95,1.18,0,2.925,3.559,2,0,0,0.861,2.709,,,0.133,0.623,2.779,1.204,1.908,0.753,0.735,4.894,5.667,0.137,5.836,0.0,0.686
29,8,0,2,3,1,0,0,0,3,0.0,1.204,12.18,1.03,4.81,2,3,1,3,8,9.42,1.32,13,8,26,3.95,1.18,0,2.005,2.443,2,0,0,0.0,4.294,,,0.011,0.082,1.996,1.204,0.954,0.753,2.813,7.006,2.603,0.117,8.355,3.057,2.035
16,10,0,5,2,1,0,1,2,2,1.204,0.0,19.04,1.37,9.91,1,4,2,4,3,8.83,1.68,1,4,43,3.25,1.3,0,4.047,3.871,2,0,3,1.292,2.709,,,0.0,0.878,3.392,0.602,1.204,1.505,0.368,2.868,4.865,0.157,0.753,2.038,2.349
6,5,1,2,3,0,1,0,2,3,2.796,0.301,17.25,1.29,9.59,2,2,2,5,7,4.99,1.46,5,1,42,2.1,0.91,1,3.353,4.016,0,2,0,1.292,4.294,,,0.001,0.711,3.324,1.204,0.602,1.505,2.172,6.385,3.549,1.072,5.242,0.34,2.334
3,10,1,3,2,0,0,1,1,1,1.204,1.204,19.8,1.34,2.76,0,9,1,3,9,6.06,2.0,14,4,17,1.29,1.3,1,2.447,1.897,0,0,3,0.861,1.355,,,0.0,0.817,1.084,0.0,1.908,0.753,3.279,7.568,6.5,0.628,8.596,2.038,1.769
18,10,0,2,4,0,0,0,0,2,1.204,0.954,18.04,1.24,7.43,2,3,1,2,10,6.25,1.11,8,4,2,3.39,1.3,0,2.985,4.475,0,0,0,0.0,2.709,,,0.001,0.6,2.811,1.204,0.954,0.753,1.922,8.081,0.979,0.571,6.773,2.038,0.433
17,4,1,4,2,0,1,0,2,3,2.408,1.398,19.85,1.56,4.35,1,1,2,3,10,6.85,1.15,13,3,11,3.33,0.79,1,3.437,3.193,0,2,0,1.292,4.294,,,0.0,1.241,1.82,0.602,0.301,1.505,2.436,8.081,1.311,0.423,8.355,1.615,1.497
28,10,1,4,4,1,0,0,0,1,0.602,1.204,6.35,1.88,1.85,1,9,1,1,10,9.92,1.58,9,8,41,3.91,1.3,1,3.453,4.905,2,0,0,0.0,1.355,,,0.209,1.762,0.537,0.602,1.908,0.753,1.895,8.081,0.99,0.021,7.157,3.057,2.319
23,5,0,4,1,1,0,0,2,2,2.408,1.398,13.0,1.49,3.35,1,4,1,2,10,9.92,1.2,10,3,13,3.68,0.91,0,3.105,1.635,2,0,0,1.292,2.709,,,0.008,1.113,1.384,0.602,1.204,0.753,1.884,8.081,1.71,0.091,7.5,1.615,1.602
12,0,0,1,2,0,0,1,1,1,0.0,1.398,11.81,1.35,5.57,0,9,2,5,9,5.6,1.08,0,6,13,2.92,0.0,0,2.737,2.306,0,0,3,0.861,1.355,,,0.014,0.837,2.262,0.0,1.908,1.505,2.318,7.568,0.722,0.791,0.0,2.634,1.602
29,3,0,3,4,1,0,1,0,1,0.602,0.301,8.9,1.8,7.73,2,2,2,2,7,6.24,1.33,7,7,19,3.95,0.62,0,4.162,5.502,2,0,3,0.0,1.355,,,0.058,1.64,2.889,1.204,0.602,1.505,1.885,6.385,2.674,0.574,6.338,2.861,1.839
25,5,1,4,3,0,0,0,0,2,2.796,0.301,12.15,1.58,5.98,1,6,2,2,7,4.0,1.91,12,1,44,3.78,0.91,1,3.757,4.417,0,0,0,0.0,2.709,,,0.011,1.276,2.394,0.602,1.556,1.505,1.804,6.385,6.068,1.759,8.094,0.34,2.363
12,0,1,1,1,0,1,0,1,2,2.796,0.301,7.61,1.57,8.02,1,8,2,5,4,7.64,1.72,9,7,11,2.92,0.0,1,3.582,2.322,0,2,0,0.861,2.709,,,0.111,1.259,2.962,0.602,1.806,1.505,2.772,3.972,5.086,0.285,7.157,2.861,1.497
16,9,1,2,4,0,0,0,0,1,1.908,0.954,14.27,1.68,1.37,0,7,2,4,8,9.74,1.34,11,7,50,3.25,1.24,1,2.395,3.886,0,0,0,0.0,1.355,,,0.004,1.448,0.21,0.0,1.69,1.505,3.073,7.006,2.745,0.1,7.81,2.861,2.443
28,1,1,3,4,1,0,0,0,2,1.908,0.0,15.69,1.76,8.52,0,9,2,1,5,9.08,1.06,3,7,26,3.91,0.2,1,4.154,5.495,2,0,0,0.0,2.709,,,0.002,1.578,3.083,0.0,1.908,1.505,1.35,4.894,0.126,0.032,3.578,2.861,2.035
28,2,1,5,1,1,0,1,2,3,2.408,0.602,13.01,1.82,2.85,2,9,2,1,2,7.45,1.26,11,1,43,3.91,0.39,1,3.662,2.43,2,0,3,1.292,4.294,,,0.007,1.671,1.132,1.204,1.908,1.505,0.897,1.505,0.5,0.072,7.81,0.34,2.349
19,3,0,2,1,0,1,0,0,3,0.602,1.398,18.32,1.04,9.04,2,0,2,5,9,5.21,1.53,12,3,25,3.46,0.62,0,2.719,1.015,0,2,0,0.0,4.294,,,0.001,0.109,3.203,1.204,0.0,1.505,3.485,7.568,3.988,0.961,8.094,1.615,2.01
8,1,1,3,1,1,1,1,2,3,2.796,0.602,17.86,1.82,7.46,2,9,2,2,5,5.32,1.99,6,5,14,2.44,0.2,1,4.109,3.0,2,2,3,1.292,4.294,,,0.001,1.671,2.819,1.204,1.908,1.505,1.735,4.894,6.453,0.909,5.836,2.366,1.648
5,10,0,1,2,1,1,1,0,1,1.204,0.301,18.75,1.56,2.86,1,2,2,1,4,4.18,1.33,15,4,3,1.89,1.3,0,2.502,1.977,2,2,3,0.0,1.355,,,0.0,1.241,1.137,0.602,0.602,1.505,1.401,3.972,0.617,0.371,8.821,2.038,0.686
12,10,0,2,4,0,1,0,0,3,0.602,1.398,7.15,1.71,3.61,2,6,1,5,6,5.05,1.41,7,3,42,2.92,1.3,0,3.275,4.745,0,2,0,0.0,4.294,,,0.14,1.497,1.505,1.204,1.556,0.753,2.564,5.688,3.222,1.041,6.338,1.615,2.334
0,6,1,3,1,1,0,0,2,2,2.796,0.0,7.36,1.07,1.83,1,7,1,2,1,4.87,1.85,10,7,7,0.0,1.01,1,1.559,2.71,2,0,0,1.292,2.709,,,0.126,0.189,0.524,0.602,1.69,0.753,0.265,0.502,5.769,1.139,7.5,2.861,1.215
18,9,0,4,1,0,1,0,1,3,2.408,0.0,14.36,1.8,4.12,1,5,2,4,10,4.05,1.58,5,1,11,3.39,1.24,0,3.745,2.54,0,2,0,0.861,4.294,,,0.004,1.64,1.726,0.602,1.398,1.505,2.574,8.081,4.29,1.716,5.242,0.34,1.497
17,3,1,5,1,0,0,0,1,3,2.408,0.602,9.78,1.16,1.56,0,10,1,5,4,5.04,1.53,0,4,42,3.33,0.62,1,2.048,3.111,0,0,0,0.861,4.294,,,0.038,0.414,0.341,0.0,2.0,0.753,1.278,3.972,3.988,1.046,0.0,2.038,2.334
8,2,0,2,3,1,1,1,1,3,0.0,0.0,13.88,1.1,8.69,0,9,2,2,1,7.16,1.51,1,4,12,2.44,0.39,0,2.834,3.458,2,2,3,0.861,4.294,,,0.005,0.266,3.123,0.0,1.908,1.505,1.016,0.502,3.865,0.362,0.753,2.038,1.552
14,9,0,5,4,1,0,0,0,2,2.796,0.301,9.27,1.78,7.33,2,4,1,4,5,8.43,1.23,14,0,41,3.1,1.24,0,4.402,5.691,2,0,0,0.0,2.709,,,0.049,1.609,2.784,1.204,1.204,0.753,1.009,4.894,1.941,0.192,8.596,0.0,2.319
11,6,1,1,1,0,1,1,0,1,2.408,0.954,8.6,1.59,4.12,1,8,1,5,1,5.55,1.19,14,5,23,2.81,1.01,1,2.945,1.386,0,2,3,0.0,1.355,,,0.068,1.294,1.726,0.602,1.806,0.753,0.916,0.502,1.631,0.811,8.596,2.366,1.958
24,8,1,3,4,1,0,0,0,3,2.408,0.954,17.4,1.18,3.06,2,6,1,3,3,6.73,1.48,3,6,14,3.73,1.18,1,2.167,3.642,2,0,0,0.0,4.294,,,0.001,0.462,1.241,1.204,1.556,0.753,0.48,2.868,3.676,0.449,3.578,2.634,1.648
12,5,0,2,2,0,1,1,0,1,0.0,1.398,15.98,1.74,3.19,1,10,1,1,8,8.38,2.0,3,8,49,2.92,0.91,0,3.09,2.77,0,2,3,0.0,1.355,,,0.002,1.546,1.306,0.602,2.0,0.753,0.966,7.006,1.5,0.045,3.578,3.057,2.43
28,5,1,1,3,1,1,1,2,1,0.602,0.301,17.75,1.16,2.12,1,4,1,2,9,9.36,1.32,2,1,13,3.91,0.91,1,1.327,1.463,2,2,3,1.292,1.355,,,0.001,0.414,0.711,0.602,1.204,0.753,0.272,7.568,2.603,0.121,2.258,0.34,1.602
6,10,0,2,3,1,1,1,0,1,1.204,0.602,13.68,1.6,6.2,1,2,2,2,9,6.54,1.64,6,7,4,2.1,1.3,0,3.466,4.131,2,2,3,0.0,1.355,,,0.005,1.312,2.462,0.602,0.602,1.505,2.555,7.568,4.639,0.494,5.836,2.861,0.866
5,2,1,3,4,1,0,1,0,2,2.796,0.0,17.49,1.41,3.98,0,8,1,5,9,5.3,1.31,12,2,20,1.89,0.39,1,2.912,4.406,2,0,3,0.0,2.709,,,0.001,0.959,1.668,0.0,1.806,0.753,3.055,7.568,2.532,0.918,8.094,1.019,1.871
1,2,0,5,4,1,0,1,2,3,0.0,1.204,6.51,1.57,9.15,1,0,1,1,8,5.17,1.09,8,1,23,0.27,0.39,0,4.434,5.716,2,0,3,1.292,4.294,,,0.193,1.259,3.228,0.602,0.0,0.753,1.393,7.006,0.186,0.226,6.773,0.34,1.958
0,10,1,1,4,0,1,1,2,3,0.602,1.204,15.8,1.32,1.61,1,10,2,1,3,4.09,1.71,11,0,22,0.0,1.3,1,1.535,2.909,0,2,3,1.292,4.294,,,0.002,0.775,0.376,0.602,2.0,1.505,1.048,2.868,1.161,0.388,7.81,0.0,1.93
4,4,0,2,3,0,1,0,1,2,0.0,0.0,9.93,1.2,5.24,2,5,2,2,5,7.06,1.73,5,0,30,1.63,0.79,0,2.568,3.15,0,2,0,0.861,2.709,,,0.035,0.509,2.15,1.204,1.398,1.505,1.43,4.894,5.14,0.381,5.242,0.0,2.124
4,0,1,2,1,1,0,1,1,1,0.602,0.0,10.55,1.76,1.28,1,9,2,3,8,8.8,1.04,1,2,44,1.63,0.0,1,2.517,0.664,2,0,3,0.861,1.355,,,0.026,1.578,0.15,0.602,1.908,1.505,0.191,7.006,0.368,0.16,0.753,1.019,2.363
15,10,0,2,3,1,0,0,0,1,0.602,0.0,14.63,1.92,8.99,0,8,1,1,5,6.81,1.14,15,7,12,3.18,1.3,0,4.237,4.861,2,0,0,0.0,1.355,,,0.003,1.82,3.192,0.0,1.806,0.753,0.608,4.894,0.284,0.1,8.821,2.861,1.552
18,4,1,1,4,1,1,1,2,2,2.408,0.301,13.96,1.27,7.56,2,6,2,2,2,7.82,1.42,2,6,32,3.39,0.79,1,2.879,4.374,2,2,3,1.292,2.709,,,0.005,0.667,2.845,1.204,1.556,1.505,1.218,1.505,3.288,0.261,2.258,2.634,2.164
15,9,1,3,3,0,1,1,1,1,1.908,0.0,5.53,1.04,3.89,2,8,2,2,4,8.31,1.2,5,0,44,3.18,1.24,1,2.354,2.891,0,2,3,0.861,1.355,,,0.315,0.109,1.629,1.204,1.806,1.505,1.193,3.972,1.71,0.204,5.242,0.0,2.363
21,3,1,4,4,0,1,1,1,2,0.602,0.602,11.49,1.28,9.87,2,4,2,2,8,4.57,1.72,2,8,38,3.58,0.62,1,3.729,5.144,0,2,3,0.861,2.709,,,0.016,0.689,3.383,1.204,1.204,1.505,2.141,7.006,5.086,1.323,2.258,3.057,2.272
20,7,1,4,1,0,0,0,2,2,0.602,0.301,18.65,1.97,9.51,0,6,1,5,7,7.1,1.71,7,6,29,3.52,1.1,1,4.652,3.626,0,0,0,1.292,2.709,,,0.0,1.892,3.307,0.0,1.556,0.753,3.35,6.385,5.031,0.373,6.338,2.634,2.103
29,1,1,5,1,0,0,1,2,1,0.602,0.954,10.34,1.77,2.95,0,9,2,5,3,4.18,1.58,1,7,37,3.95,0.2,1,3.637,2.397,0,0,3,1.292,1.355,,,0.028,1.593,1.184,0.0,1.908,1.505,1.519,2.868,4.29,1.608,0.753,2.861,2.255
29,1,1,1,3,0,0,0,0,2,2.796,1.204,16.67,1.8,2.8,0,5,1,3,5,7.87,1.25,5,6,25,3.95,0.2,1,2.881,3.511,0,0,0,0.0,2.709,,,0.001,1.64,1.105,0.0,1.398,0.753,1.318,4.894,2.093,0.254,5.242,2.634,2.01
7,7,0,3,1,1,1,1,0,3,1.908,0.954,15.41,2.0,2.39,2,4,2,1,1,4.32,1.93,1,2,23,2.29,1.1,0,3.41,2.083,2,2,3,0.0,4.294,,,0.002,1.934,0.875,1.204,1.204,1.505,0.601,0.502,1.423,0.346,0.753,1.019,1.958
16,7,0,4,1,0,1,1,2,3,2.408,1.204,17.41,1.98,6.49,1,10,2,3,6,7.29,1.89,11,4,15,3.25,1.1,0,4.338,3.272,0,2,3,1.292,4.294,,,0.001,1.906,2.549,0.602,2.0,1.505,2.439,5.688,5.97,0.34,7.81,2.038,1.691
22,10,0,4,2,1,0,1,1,1,2.796,1.204,10.1,1.94,6.36,0,10,1,5,7,9.16,1.22,13,5,33,3.63,1.3,0,4.3,4.131,2,0,3,0.861,1.355,,,0.032,1.849,2.51,0.0,2.0,0.753,3.013,6.385,1.865,0.133,8.355,2.366,2.184
27,10,0,1,4,0,1,0,1,3,2.408,1.204,13.57,1.46,8.31,2,7,2,1,8,4.14,1.74,8,5,9,3.87,1.3,0,3.342,4.806,0,2,0,0.861,4.294,,,0.006,1.056,3.033,1.204,1.69,1.505,1.168,7.006,1.199,0.379,6.773,2.366,1.372
28,5,0,5,4,0,1,0,1,1,1.908,1.204,16.81,1.27,2.86,1,7,1,2,8,9.84,1.24,5,1,27,3.91,0.91,0,2.73,4.228,0,2,0,0.861,1.355,,,0.001,0.667,1.137,0.602,1.69,0.753,0.442,7.006,2.017,0.095,5.242,0.34,2.058
26,8,1,1,1,0,0,0,2,2,0.0,0.602,18.26,1.8,1.96,1,4,1,4,8,9.1,1.42,12,8,25,3.83,1.18,1,2.61,0.828,0,0,0,1.292,2.709,,,0.001,1.64,0.609,0.602,1.204,0.753,3.264,7.006,3.288,0.137,8.094,3.057,2.01
1,6,0,3,4,0,0,1,2,3,2.796,0.602,6.35,1.15,5.08,0,9,1,5,3,8.81,1.41,13,7,31,0.27,1.01,0,2.791,4.288,0,0,3,1.292,4.294,,,0.209,0.39,2.094,0.0,1.908,0.753,2.238,2.868,3.222,0.159,8.355,2.861,2.145
23,2,1,5,4,0,0,1,1,2,1.204,0.301,16.41,1.69,4.57,1,1,2,5,6,6.0,1.82,1,1,31,3.68,0.39,1,3.848,5.245,0,0,3,0.861,2.709,,,0.001,1.464,1.906,0.602,0.301,1.505,1.505,5.688,5.616,0.647,0.753,0.34,2.145
30,2,1,2,4,0,0,1,1,3,0.602,0.602,12.91,1.95,3.54,0,0,2,1,9,7.43,1.8,1,8,44,3.99,0.39,1,3.471,4.921,0,0,3,0.861,4.294,,,0.008,1.864,1.473,0.0,0.0,1.505,0.666,7.568,1.272,0.073,0.753,3.057,2.363
4,4,1,5,1,0,0,1,2,1,2.796,0.301,18.47,1.6,7.16,0,9,1,4,9,5.28,1.81,9,0,33,1.63,0.79,1,4.105,2.995,0,0,3,1.292,1.355,,,0.0,1.312,2.738,0.0,1.908,0.753,2.597,7.568,5.564,0.928,7.157,0.0,2.184
9,5,1,3,2,0,1,1,0,3,0.602,1.204,6.37,1.06,8.61,2,7,1,3,10,7.5,1.1,2,0,12,2.58,0.91,1,3.109,2.794,0,2,3,0.0,4.294,,,0.207,0.163,3.104,1.204,1.69,0.753,0.563,8.081,0.894,0.306,2.258,0.0,1.552
19,7,1,2,4,0,1,0,2,1,0.0,1.398,16.85,1.09,6.49,2,1,2,4,3,5.89,1.2,0,5,0,3.46,1.1,1,2.486,3.981,0,2,0,1.292,1.355,,,0.001,0.24,2.549,1.204,0.301,1.505,1.402,2.868,1.71,0.684,0.0,2.366,0.0
2,7,1,1,2,1,1,1,0,3,1.204,1.398,15.66,1.79,9.43,1,2,1,4,5,7.26,1.03,9,3,32,0.81,1.1,1,3.957,3.776,2,2,3,0.0,4.294,,,0.002,1.625,3.289,0.602,0.602,0.753,1.295,4.894,0.277,0.345,7.157,1.615,2.164
13,9,0,1,3,0,0,0,0,1,2.408,1.204,9.34,1.82,7.84,0,3,1,5,6,4.22,1.9,10,3,46,3.01,1.24,0,3.86,4.515,0,0,0,0.0,1.355,,,0.047,1.671,2.917,0.0,0.954,0.753,3.215,5.688,6.019,1.576,7.5,1.615,2.391
18,3,1,4,2,0,0,1,0,1,2.796,0.602,12.3,1.33,3.42,2,7,1,2,3,4.9,1.12,9,8,11,3.39,0.62,1,2.822,2.421,0,0,3,0.0,1.355,,,0.011,0.796,1.417,1.204,1.69,0.753,0.405,2.868,1.063,1.122,7.157,3.057,1.497
30,2,0,4,2,0,1,1,2,3,2.408,0.0,18.12,1.34,9.49,0,2,2,2,4,4.12,1.38,10,2,1,3.99,0.39,0,3.787,3.591,0,2,3,1.292,4.294,,,0.001,0.817,3.302,0.0,0.602,1.505,0.378,3.972,3.02,1.657,7.5,1.019,0.216
24,0,0,1,2,0,1,0,1,2,1.204,1.398,8.35,1.38,5.48,1,5,1,1,5,8.97,1.37,11,6,11,3.73,0.0,0,2.844,2.45,0,2,0,0.861,2.709,,,0.077,0.899,2.232,0.602,1.398,0.753,0.357,4.894,0.681,0.034,7.81,2.634,1.497
18,9,0,2,2,1,0,0,2,3,1.908,1.398,9.92,1.45,5.52,2,8,1,3,7,8.23,1.54,11,0,42,3.39,1.24,0,3.133,2.824,2,0,0,1.292,4.294,,,0.035,1.037,2.246,1.204,1.806,0.753,1.418,6.385,4.049,0.212,7.81,0.0,2.334
27,7,1,1,2,1,1,1,0,1,1.908,0.301,17.54,1.96,5.03,1,9,2,2,1,6.73,1.18,15,8,27,3.87,1.1,1,3.597,3.378,2,2,3,0.0,1.355,,,0.001,1.878,2.076,0.602,1.908,1.505,1.349,0.502,1.552,0.449,8.821,3.057,2.058
30,1,0,3,3,1,1,1,1,3,0.0,1.398,8.09,1.91,8.52,2,6,1,2,3,5.66,1.6,4,4,32,3.99,0.2,0,4.404,5.008,2,2,3,0.861,4.294,,,0.088,1.806,3.083,1.204,1.556,0.753,1.428,2.868,4.407,0.767,4.515,2.038,2.164
5,2,1,2,1,0,1,1,0,2,2.408,0.602,15.58,1.87,2.04,0,10,1,5,7,4.38,1.39,7,1,10,1.89,0.39,1,2.94,1.378,0,2,3,0.0,2.709,,,0.002,1.747,0.661,0.0,2.0,0.753,2.318,6.385,3.088,1.455,6.338,0.34,1.438
23,9,0,2,4,1,1,0,2,1,2.796,1.204,19.22,1.98,8.07,2,0,1,4,6,9.35,1.09,15,3,39,3.68,1.24,0,4.206,5.537,2,2,0,1.292,1.355,,,0.0,1.906,2.974,1.204,0.0,0.753,1.935,5.688,0.808,0.121,8.821,1.615,2.288
18,6,0,4,2,0,1,1,1,3,2.796,0.0,6.3,1.98,1.36,1,2,2,1,5,8.0,1.72,0,0,46,3.39,1.01,0,3.42,3.173,0,2,3,0.861,4.294,,,0.214,1.906,0.204,0.602,0.602,1.505,0.914,4.894,1.174,0.055,0.0,0.0,2.391
4,7,0,1,2,0,0,1,1,3,2.796,0.0,11.56,1.85,3.13,2,5,1,4,1,6.99,1.65,3,7,22,1.63,1.1,0,3.059,2.73,0,0,3,0.861,4.294,,,0.015,1.717,1.276,1.204,1.398,0.753,0.262,0.502,4.696,0.395,3.578,2.861,1.93
28,1,1,5,1,0,1,0,0,2,0.0,1.204,16.81,1.51,5.35,0,8,1,2,9,7.48,1.82,8,0,6,3.91,0.2,1,3.714,2.499,0,2,0,0.0,2.709,,,0.001,1.15,2.188,0.0,1.806,0.753,1.555,7.568,5.616,0.309,6.773,0.0,1.119
25,7,1,1,4,1,0,1,2,2,1.908,1.204,11.35,1.75,5.2,0,0,1,3,1,4.83,1.2,10,3,46,3.78,1.1,1,3.359,4.821,2,0,3,1.292,2.709,,,0.017,1.562,2.136,0.0,0.0,0.753,1.29,0.502,1.71,1.162,7.5,1.615,2.391
15,2,1,5,4,1,0,0,0,2,0.0,0.602,13.67,1.36,3.66,0,2,2,3,1,7.81,1.68,12,3,48,3.18,0.39,1,3.126,4.608,2,0,0,0.0,2.709,,,0.005,0.858,1.528,0.0,0.602,1.505,1.405,0.502,4.865,0.262,8.094,1.615,2.418
7,7,1,4,2,0,0,1,2,1,1.908,0.301,13.31,1.65,4.15,2,2,2,2,6,4.63,1.97,1,1,47,2.29,1.1,1,3.541,3.314,0,0,3,1.292,1.355,,,0.006,1.397,1.739,1.204,0.602,1.505,0.166,5.688,6.358,1.284,0.753,0.34,2.404
2,4,1,5,3,0,1,0,0,3,1.908,0.602,12.08,1.19,8.64,2,2,1,5,4,5.33,1.87,0,6,42,0.81,0.79,1,3.591,4.255,0,2,0,0.0,4.294,,,0.012,0.485,3.111,1.204,0.602,0.753,1.888,3.972,5.87,0.905,0.0,2.634,2.334
12,4,0,3,4,1,1,0,1,1,2.408,1.204,10.49,1.64,4.94,1,6,2,5,3,8.97,1.13,8,1,33,2.92,0.79,0,3.517,4.961,2,2,0,0.861,1.355,,,0.026,1.38,2.044,0.602,1.556,1.505,0.294,2.868,1.146,0.147,6.773,0.34,2.184
7,6,1,1,3,1,0,0,1,1,1.204,0.954,9.51,1.53,4.06,0,1,1,1,6,7.35,1.42,15,8,14,2.29,1.01,1,2.804,3.424,2,0,0,0.861,1.355,,,0.043,1.187,1.701,0.0,0.301,0.753,1.163,5.688,0.759,0.076,8.821,3.057,1.648
12,6,1,1,1,1,1,1,2,3,1.908,1.204,19.99,1.03,6.24,0,6,1,3,3,9.8,1.82,12,5,32,2.92,1.01,1,2.064,3.124,2,2,3,1.292,4.294,,,0.0,0.082,2.474,0.0,1.556,0.753,1.461,2.868,5.616,0.097,8.094,2.366,2.164
2,10,0,5,1,0,1,0,2,1,1.908,0.0,13.0,1.43,8.34,1,7,2,5,2,7.68,1.1,11,7,37,0.81,1.3,0,3.991,2.854,0,2,0,1.292,1.355,,,0.008,0.998,3.04,0.602,1.69,1.505,1.22,1.505,0.894,0.279,7.81,2.861,2.255
25,9,0,1,3,1,0,0,1,1,1.908,1.398,18.44,1.99,7.16,1,9,2,4,7,7.26,1.08,7,8,20,3.78,1.24,0,3.946,4.596,2,0,0,0.861,1.355,,,0.0,1.92,2.738,0.602,1.908,1.505,2.478,6.385,0.722,0.345,6.338,3.057,1.871
0,9,0,4,3,1,1,1,0,1,1.204,0.0,7.09,1.42,3.81,1,6,2,5,7,6.88,1.62,7,7,48,0.0,1.24,0,3.216,3.873,2,2,3,0.0,1.355,,,0.144,0.979,1.594,0.602,1.556,1.505,3.368,6.385,4.524,0.417,6.338,2.861,2.418
10,6,0,4,2,1,0,1,1,1,0.602,1.204,17.61,1.91,5.17,2,6,2,1,3,9.97,1.64,6,6,30,2.7,1.01,0,4.068,3.893,2,0,3,0.861,1.355,,,0.001,1.806,2.126,1.204,1.556,1.505,1.262,2.868,1.071,0.021,5.836,2.634,2.124
30,1,1,4,3,1,1,1,2,3,1.908,0.301,14.12,1.13,7.74,1,4,1,1,7,6.32,1.78,11,0,5,3.99,0.2,1,3.162,3.816,2,2,3,1.292,4.294,,,0.004,0.341,2.891,0.602,1.204,0.753,1.378,6.385,1.248,0.127,7.81,0.0,1.005
19,3,1,5,4,1,1,1,0,2,0.0,1.204,16.18,1.04,1.5,1,7,1,2,8,5.8,1.3,14,1,13,3.46,0.62,1,1.642,3.04,2,2,3,0.0,2.709,,,0.002,0.109,0.3,0.602,1.69,0.753,1.268,7.006,2.46,0.715,8.596,0.34,1.602
20,1,1,3,4,1,1,0,2,1,1.204,0.0,8.68,1.83,4.15,1,4,1,1,10,9.3,1.19,14,4,16,3.52,0.2,1,3.671,5.095,2,2,0,1.292,1.355,,,0.065,1.686,1.739,0.602,1.204,0.753,1.531,8.081,0.376,0.029,8.596,2.038,1.731
25,0,1,2,3,1,0,0,2,2,1.204,0.602,18.17,1.08,9.59,1,0,2,2,7,9.55,1.68,2,3,13,3.78,0.0,1,2.889,3.519,2,0,0,1.292,2.709,,,0.001,0.215,3.324,0.602,0.0,1.505,0.923,6.385,4.865,0.11,2.258,1.615,1.602
27,6,1,3,2,0,1,1,2,1,1.908,1.204,8.38,1.69,9.25,1,2,2,4,8,6.76,1.89,15,5,37,3.87,1.01,1,4.196,4.026,0,2,3,1.292,1.355,,,0.076,1.464,3.25,0.602,0.602,1.505,3.516,7.006,5.97,0.443,8.821,2.366,2.255
7,9,1,3,1,0,1,0,0,3,0.602,0.602,5.31,1.07,1.01,0,10,1,5,1,7.08,1.94,5,2,42,2.29,1.24,1,1.483,2.645,0,2,0,0.0,4.294,,,0.351,0.189,0.002,0.0,2.0,0.753,0.432,0.502,6.214,0.377,5.242,1.019,2.334
24,2,1,2,3,1,1,1,2,1,2.796,0.954,10.19,1.17,8.72,1,7,2,1,1,7.12,1.63,15,8,3,3.73,0.39,1,3.028,3.673,2,2,3,1.292,1.355,,,0.031,0.438,3.13,0.602,1.69,1.505,1.201,0.502,1.057,0.085,8.821,3.057,0.686
28,6,1,1,2,0,0,0,1,3,2.408,1.204,5.16,1.51,9.59,1,1,2,4,2,9.41,1.17,14,0,28,3.91,1.01,1,3.892,3.706,0,0,0,0.861,4.294,,,0.379,1.15,3.324,0.602,0.301,1.505,1.3,1.505,1.472,0.118,8.596,0.0,2.081
14,9,1,5,3,0,0,0,2,3,1.908,0.602,7.16,1.62,1.05,2,10,2,2,6,5.37,1.8,3,4,45,3.1,1.24,1,2.918,3.552,0,0,0,1.292,4.294,,,0.139,1.346,0.015,1.204,2.0,1.505,1.352,5.688,5.512,0.887,3.578,2.038,2.377
19,4,0,2,1,0,0,0,0,1,2.796,1.204,18.43,1.9,5.25,2,4,1,3,6,8.43,1.03,15,7,2,3.46,0.79,0,3.732,2.523,0,0,0,0.0,1.355,,,0.0,1.791,2.154,1.204,1.204,0.753,1.966,5.688,0.277,0.192,8.821,2.861,0.433
7,4,1,2,2,0,1,1,1,2,1.908,0.602,19.62,1.09,7.3,2,5,2,4,7,8.94,1.82,10,4,34,2.29,0.79,1,2.613,2.135,0,2,3,0.861,2.709,,,0.0,0.24,2.776,1.204,1.398,1.505,2.95,6.385,5.616,0.149,7.5,2.038,2.202
27,8,0,3,4,1,0,0,1,1,0.0,1.398,9.39,1.55,3.13,0,5,1,3,7,4.08,1.14,2,6,10,3.87,1.18,0,2.999,4.489,2,0,0,0.861,1.355,,,0.046,1.223,1.276,0.0,1.398,0.753,1.548,6.385,1.229,1.69,2.258,2.634,1.438
28,1,1,4,2,1,0,0,0,2,1.908,1.204,13.43,1.17,2.65,2,3,2,4,10,4.85,1.85,11,0,14,3.91,0.2,1,2.231,1.573,2,0,0,0.0,2.709,,,0.006,0.438,1.023,1.204,0.954,1.505,2.92,8.081,5.769,1.15,7.81,0.0,1.648
10,9,1,5,2,1,1,1,1,3,0.602,0.301,6.99,1.44,6.34,0,0,2,3,3,6.43,1.37,10,3,23,2.7,1.24,1,3.879,3.692,2,2,3,0.861,4.294,,,0.152,1.018,2.504,0.0,0.0,1.505,0.502,2.868,2.952,0.522,7.5,1.615,1.958
6,0,1,3,3,1,1,0,0,3,1.908,0.602,13.08,1.08,4.21,2,0,2,4,2,9.88,1.28,7,6,43,2.1,0.0,1,2.22,2.723,2,2,0,0.0,4.294,,,0.007,0.215,1.763,1.204,0.0,1.505,0.551,1.505,2.315,0.093,6.338,2.634,2.349
2,8,0,5,1,1,0,1,0,1,1.908,0.954,15.43,1.02,6.7,2,3,1,1,5,7.95,1.53,3,0,21,0.81,1.18,0,2.932,1.365,2,0,3,0.0,1.355,,,0.002,0.055,2.61,1.204,0.954,0.753,1.055,4.894,0.92,0.056,3.578,0.0,1.901
17,10,1,3,1,1,0,0,1,2,1.204,0.954,5.03,1.82,3.2,0,10,2,1,5,7.83,1.43,12,4,33,3.33,1.3,1,3.745,2.54,2,0,0,0.861,2.709,,,0.404,1.671,1.311,0.0,2.0,1.505,0.083,4.894,0.774,0.06,8.094,2.038,2.184
6,10,0,5,1,0,1,1,0,1,1.908,1.204,13.41,1.1,8.71,0,9,1,1,10,5.74,1.6,10,2,23,2.1,1.3,0,3.399,2.068,0,2,3,0.0,1.355,,,0.006,0.266,3.127,0.0,1.908,0.753,0.981,8.081,1.017,0.17,7.5,1.019,1.958
13,7,1,1,2,0,1,0,1,1,2.796,0.602,5.67,1.46,9.94,1,6,2,2,1,7.59,1.84,7,3,26,3.01,1.1,1,3.775,3.578,0,2,0,0.861,1.355,,,0.294,1.056,3.398,0.602,1.556,1.505,1.269,0.502,5.718,0.292,6.338,1.615,2.035
23,5,1,3,1,1,0,1,0,3,2.796,0.0,5.14,1.76,9.92,0,1,2,4,4,8.22,1.55,5,6,1,3.68,0.91,1,4.589,3.557,2,0,3,0.0,4.294,,,0.383,1.578,3.394,0.0,0.301,1.505,1.797,3.972,4.11,0.213,5.242,2.634,0.216
28,0,1,1,2,1,1,1,1,2,2.408,0.301,13.9,1.38,7.98,2,6,1,4,4,4.83,1.85,2,2,29,3.91,0.0,1,3.156,2.852,2,2,3,0.861,2.709,,,0.005,0.899,2.952,1.204,1.556,0.753,1.001,3.972,5.769,1.162,2.258,1.019,2.103
26,1,0,2,4,0,1,1,0,1,1.204,0.954,8.98,1.15,6.9,1,10,2,2,6,5.43,1.63,9,6,9,3.83,0.2,0,2.757,4.255,0,2,3,0.0,1.355,,,0.056,0.39,2.667,0.602,2.0,1.505,2.025,5.688,4.582,0.861,7.157,2.634,1.372
17,6,1,3,3,1,1,1,2,2,1.204,0.301,8.39,1.9,5.34,1,5,1,4,4,7.35,1.65,13,4,20,3.33,1.01,1,3.979,4.626,2,2,3,1.292,2.709,,,0.075,1.791,2.185,0.602,1.398,0.753,2.12,3.972,4.696,0.33,8.355,2.038,1.871
30,10,0,1,3,0,1,1,1,3,1.204,0.301,12.45,1.95,3.84,1,0,1,5,1,7.44,1.15,8,2,48,3.99,1.3,0,3.36,4.023,0,2,3,0.861,4.294,,,0.01,1.864,1.607,0.602,0.0,0.753,1.364,0.502,1.311,0.315,6.773,1.019,2.418
17,4,1,1,1,0,1,1,0,3,0.0,0.602,8.91,1.09,3.34,1,9,1,5,9,6.23,1.6,2,2,37,3.33,0.79,1,1.626,2.767,0,2,3,0.0,4.294,,,0.058,0.24,1.379,0.602,1.908,0.753,2.517,7.568,4.407,0.577,2.258,1.019,2.255
24,10,0,5,1,0,1,1,1,1,1.908,0.301,15.44,1.79,7.73,2,7,2,3,6,5.92,1.69,8,7,39,3.73,1.3,0,4.424,3.371,0,2,3,0.861,1.355,,,0.002,1.625,2.889,1.204,1.69,1.505,2.524,5.688,4.921,0.674,6.773,2.861,2.288
26,1,1,5,2,1,0,1,2,3,1.908,0.602,5.3,1.87,5.69,1,3,1,5,2,6.75,1.36,1,2,47,3.83,0.2,1,4.537,4.365,2,0,3,1.292,4.294,,,0.353,1.747,2.302,0.602,0.954,0.753,1.308,1.505,2.883,0.445,0.753,1.019,2.404
12,2,1,5,2,1,0,0,1,1,1.204,0.0,17.97,1.11,2.36,1,8,2,2,7,8.11,1.11,14,4,0,2.92,0.39,1,2.184,1.5,2,0,0,0.861,1.355,,,0.001,0.291,0.857,0.602,1.806,1.505,1.479,6.385,0.979,0.225,8.596,2.038,0.0
1,6,0,4,1,1,1,0,2,1,0.0,0.602,9.97,1.58,3.52,2,5,1,2,3,9.65,1.94,0,1,46,0.27,1.01,0,3.321,1.956,2,2,0,1.292,1.355,,,0.034,1.276,1.464,1.204,1.398,0.753,1.118,2.868,6.214,0.104,0.0,0.34,2.391
25,9,1,1,4,1,0,1,1,3,0.602,0.954,15.84,1.83,4.76,2,10,2,3,7,6.45,1.2,14,4,43,3.78,1.24,1,3.379,4.839,2,0,3,0.861,4.294,,,0.002,1.686,1.978,1.204,2.0,1.505,2.126,6.385,1.71,0.517,8.596,2.038,2.349
0,5,0,5,1,0,0,1,0,1,0.602,0.954,8.75,1.62,2.52,1,8,2,3,7,4.55,1.27,3,0,21,0.0,0.91,0,3.333,1.973,0,0,3,0.0,1.355,,,0.063,1.346,0.95,0.602,1.806,1.505,0.529,6.385,2.241,1.336,3.578,0.0,1.901
21,10,0,4,3,1,0,0,1,2,0.602,1.398,12.88,1.83,5.65,0,9,1,1,2,5.72,1.94,0,3,44,3.58,1.3,0,4.049,4.691,2,0,0,0.861,2.709,,,0.008,1.686,2.288,0.0,1.908,0.753,0.768,1.505,1.434,0.172,0.0,1.615,2.363
25,6,0,4,2,1,1,0,1,2,2.408,0.954,17.89,1.69,4.28,1,9,1,2,9,4.09,1.38,13,7,7,3.78,1.01,0,3.622,3.407,2,2,0,0.861,2.709,,,0.001,1.464,1.792,0.602,1.908,0.753,2.827,7.568,3.02,1.682,8.355,2.861,1.215
29,3,1,3,2,0,1,1,0,2,2.408,0.301,13.77,1.16,5.72,0,4,1,2,1,6.47,1.13,8,6,32,3.95,0.62,1,2.733,2.301,0,2,3,0.0,2.709,,,0.005,0.414,2.311,0.0,1.204,0.753,1.211,0.502,1.146,0.512,6.773,2.634,2.164
23,5,1,4,4,0,0,1,1,3,0.0,1.204,19.57,1.7,7.37,1,4,1,5,9,7.73,1.18,11,5,32,3.68,0.91,1,4.106,5.457,0,0,3,0.861,4.294,,,0.0,1.481,2.795,0.602,1.204,0.753,3.289,7.568,1.552,0.273,7.81,2.366,2.164
15,4,1,2,1,0,1,1,2,3,2.408,1.204,18.58,1.97,7.26,2,5,1,2,7,9.32,1.36,3,7,49,3.18,0.79,1,4.101,2.99,0,2,3,1.292,4.294,,,0.0,1.892,2.765,1.204,1.398,0.753,1.402,6.385,2.883,0.123,3.578,2.861,2.43
280,51,1,4,11,0,0,0,1,2,4.0,2.228,4.77,2.39,31.01,0,26,2,4,20,3.49,2.83,35,17,29,6.62,2.23,1,7.303,10.232,0,0,0,0.861,2.709,,,0.46,2.431,5.969,0.0,2.83,1.505,6.028,11.681,9.755,2.27,11.581,4.165,2.103
659,52,0,14,13,0,0,0,3,4,4.0,2.511,3.37,3.22,16.83,0,16,6,8,17,2.08,2.55,43,18,372,7.62,2.24,0,13.914,12.679,0,0,0,2.048,5.419,,,0.927,3.263,4.537,0.0,2.408,3.891,6.924,10.803,8.778,4.595,12.251,4.249,3.696
959,50,0,1,12,0,0,1,3,5,1.908,2.352,3.76,2.64,26.07,6,71,1,5,10,2.64,2.79,21,17,68,8.06,2.21,0,6.513,10.248,0,0,3,2.048,6.291,,,0.763,2.709,5.551,3.113,3.703,0.753,5.502,8.081,9.622,3.473,9.917,4.165,2.635
288,25,1,6,16,0,1,1,0,3,4.0,1.556,4.83,3.36,27.99,6,145,1,8,12,3.2,2.4,51,11,325,6.65,1.82,1,10.725,12.509,0,2,3,0.0,4.294,,,0.447,3.382,5.721,3.113,4.323,0.753,6.275,8.991,8.21,2.625,12.807,3.525,3.612
725,49,0,11,16,1,1,1,3,6,4.0,1.204,2.62,2.72,30.46,2,50,1,4,14,3.62,2.08,24,11,251,7.73,2.2,0,14.19,13.317,2,2,3,2.048,7.003,,,1.349,2.792,5.925,1.204,3.398,0.753,5.062,9.781,6.868,2.128,10.352,3.525,3.451
291,29,0,6,18,1,0,0,1,6,1.204,2.461,3.28,2.75,23.35,6,182,5,7,22,1.98,2.46,39,18,164,6.66,1.91,0,9.986,12.736,2,0,0,0.861,7.003,,,0.97,2.823,5.29,3.113,4.52,3.495,6.929,12.204,8.441,4.83,11.933,4.249,3.185
821,21,0,3,10,1,1,1,1,1,3.612,2.292,4.67,3.03,25.14,0,7,0,3,26,3.06,2.06,37,9,186,7.88,1.72,0,7.932,10.157,2,2,3,0.861,1.355,,,0.484,3.094,5.464,0.0,1.69,0.0,5.64,13.137,6.777,2.815,11.762,3.23,3.263
66,49,1,3,16,0,1,0,0,5,4.0,1.204,3.03,3.07,15.9,3,117,3,7,16,1.83,2.37,41,12,432,4.92,2.2,1,8.126,11.822,0,2,0,0.0,6.291,,,1.099,3.13,4.409,1.908,4.136,2.386,6.515,10.481,8.092,5.207,12.096,3.653,3.79
196,11,0,4,20,1,1,1,4,5,3.113,2.352,4.24,3.23,29.81,5,118,0,8,30,3.02,2.18,56,11,543,6.2,1.36,0,9.994,13.126,2,2,3,2.584,6.291,,,0.6,3.272,5.873,2.796,4.144,0.0,7.117,13.952,7.308,2.872,13.111,3.525,3.933
334,52,0,4,9,0,1,0,2,6,4.0,0.602,4.07,2.48,25.49,6,160,5,6,11,2.15,2.59,25,18,478,6.82,2.24,0,7.411,9.635,0,2,0,1.292,7.003,,,0.653,2.535,5.497,3.113,4.408,3.495,5.939,8.553,8.924,4.437,10.485,4.249,3.853
319,39,0,7,9,0,1,1,1,1,0.602,2.228,2.87,3.15,11.59,1,8,1,4,11,2.53,2.66,42,9,500,6.77,2.07,0,9.788,10.523,0,2,3,0.861,1.355,,,1.191,3.202,3.72,0.602,1.806,0.753,5.27,8.553,9.174,3.669,12.174,3.23,3.881
931,30,0,0,17,0,1,1,4,2,4.0,2.408,3.21,2.53,29.13,1,197,0,8,18,3.07,2.91,49,17,235,8.03,1.93,0,0.0,9.327,0,2,3,2.584,2.709,,,0.0,2.59,5.817,0.602,4.589,0.0,6.722,11.11,10.017,0.0,12.676,4.165,3.41
356,56,1,12,10,0,1,1,2,4,1.204,2.158,4.1,3.14,26.72,5,161,2,4,13,3.72,2.42,28,13,413,6.9,2.28,1,13.554,11.941,0,2,3,1.292,5.419,,,0.644,3.193,5.61,2.796,4.414,1.505,5.226,9.399,8.288,2.024,10.854,3.771,3.762
522,16,1,3,5,0,0,1,3,3,2.796,2.558,3.87,2.54,32.24,3,70,3,6,24,1.98,2.71,32,8,278,7.35,1.57,1,8.164,8.493,0,0,3,2.048,4.294,,,0.722,2.601,6.063,1.908,3.69,2.386,6.583,12.688,9.349,4.83,11.289,3.057,3.514
936,30,1,13,18,1,1,0,3,5,4.0,2.511,4.98,2.82,11.93,2,199,6,7,26,2.0,2.05,33,16,163,8.03,1.93,1,10.196,12.787,2,2,0,2.048,6.291,,,0.415,2.893,3.782,1.204,4.598,3.891,6.877,13.137,6.732,4.782,11.389,4.076,3.181
190,54,0,1,10,1,0,0,3,4,1.908,1.204,4.43,2.01,25.53,6,164,3,4,23,3.9,2.33,33,12,120,6.16,2.26,0,3.025,7.999,2,0,0,2.048,5.419,,,0.546,1.948,5.501,3.113,4.43,2.386,5.838,12.451,7.932,1.85,11.389,3.653,2.99
631,14,1,10,6,1,1,1,4,6,4.0,0.954,3.38,3.15,32.94,0,17,4,4,28,3.68,2.22,40,12,161,7.57,1.49,1,13.942,11.072,2,2,3,2.584,7.003,,,0.923,3.202,6.116,0.0,2.461,3.01,6.085,13.558,7.479,2.065,12.015,3.653,3.173
169,47,0,11,16,0,0,1,1,4,4.0,2.158,3.06,2.65,30.44,3,62,1,5,25,2.37,2.74,47,9,322,6.02,2.18,0,13.416,13.146,0,0,3,0.861,5.419,,,1.083,2.72,5.924,1.908,3.585,0.753,6.472,12.917,9.452,3.975,12.541,3.23,3.606
712,36,1,9,13,1,1,1,3,6,4.0,2.602,4.9,2.97,26.19,4,157,3,4,12,3.88,2.06,19,9,152,7.71,2.03,1,11.121,11.959,2,2,3,2.048,7.003,,,0.431,3.038,5.562,2.408,4.392,2.386,4.682,8.991,6.777,1.868,9.591,3.23,3.137
713,26,1,3,6,1,0,0,1,3,0.0,2.558,4.27,3.09,12.79,4,45,1,4,10,3.87,2.34,34,11,86,7.71,1.84,1,5.754,7.671,2,0,0,0.861,4.294,,,0.591,3.148,3.931,2.408,3.306,0.753,4.864,8.081,7.972,1.878,11.486,3.525,2.782
488,41,1,5,18,1,0,1,1,4,0.602,2.511,4.8,2.42,28.69,5,42,5,6,26,3.64,2.77,53,11,245,7.27,2.1,1,7.683,12.155,2,0,3,0.861,5.419,,,0.454,2.466,5.78,2.796,3.246,3.495,6.673,13.137,9.554,2.106,12.932,3.525,3.436
89,42,0,3,12,0,0,1,4,5,2.796,2.228,4.26,3.15,21.92,1,97,0,4,27,2.04,2.37,56,12,392,5.27,2.12,0,8.049,10.782,0,0,3,2.584,6.291,,,0.594,3.202,5.142,0.602,3.974,0.0,6.412,13.351,8.092,4.688,13.111,3.653,3.729
256,43,1,14,15,0,1,0,2,6,3.612,2.352,3.95,3.08,14.68,6,47,2,6,12,1.91,2.73,62,17,491,6.51,2.13,1,12.682,12.783,0,2,0,1.292,7.003,,,0.694,3.139,4.232,3.113,3.344,1.505,6.327,8.991,9.418,5.003,13.443,4.165,3.87
570,21,0,9,10,0,0,1,0,4,4.0,2.228,2.41,3.22,25.72,6,6,5,3,17,3.35,2.31,27,11,11,7.45,1.72,0,14.178,12.11,0,0,3,0.0,5.419,,,1.498,3.263,5.519,3.113,1.556,3.495,5.192,10.803,7.851,2.435,10.735,3.525,1.497
60,29,0,2,18,1,0,0,1,2,3.612,1.69,4.7,2.21,14.95,2,94,3,7,10,3.68,2.86,52,14,49,4.81,1.91,0,1.918,10.393,2,0,0,0.861,2.709,,,0.477,2.213,4.272,1.204,3.946,2.386,6.053,8.081,9.854,2.065,12.87,3.88,2.43
597,13,0,0,14,0,0,1,1,4,3.612,2.558,4.08,3.06,34.44,5,126,2,6,21,3.44,2.39,53,16,517,7.5,1.45,0,0.0,8.16,0,0,3,0.861,5.419,,,0.0,3.121,6.225,2.796,4.201,1.505,6.282,11.948,8.171,0.0,12.932,4.076,3.902
439,38,1,10,16,0,1,0,2,5,0.602,0.0,2.42,2.14,18.35,4,156,4,3,12,2.77,2.77,63,10,539,7.14,2.06,1,10.818,12.532,0,2,0,1.292,6.291,,,1.491,2.123,4.732,2.408,4.386,3.01,5.256,8.991,9.554,3.254,13.495,3.385,3.928
920,24,0,5,12,0,1,0,2,7,4.0,2.408,3.63,2.89,15.23,3,106,4,7,14,2.44,2.13,56,15,32,8.01,1.8,0,7.804,10.7,0,2,0,1.292,7.606,,,0.814,2.961,4.313,1.908,4.051,3.01,6.332,9.781,7.091,3.838,13.111,3.981,2.164
266,55,1,14,9,0,0,1,4,1,4.0,2.083,2.6,2.71,16.6,0,139,0,6,19,3.83,2.48,62,12,301,6.56,2.27,1,13.772,11.769,0,0,3,2.584,1.355,,,1.363,2.782,4.506,0.0,4.286,0.0,6.319,11.402,8.517,1.915,13.443,3.653,3.564
365,37,0,0,20,1,1,1,0,7,4.0,0.954,4.79,2.34,26.52,3,197,2,8,23,2.02,2.66,65,15,108,6.93,2.04,0,0.0,10.303,2,2,3,0.0,7.606,,,0.0,2.372,5.592,1.908,4.589,1.505,6.912,12.451,9.174,0.0,13.597,3.981,2.924
429,28,0,2,4,0,1,1,3,7,4.0,2.602,2.63,3.26,31.32,1,132,1,3,22,2.26,2.99,54,10,170,7.12,1.89,0,11.148,9.459,0,2,3,2.048,7.606,,,1.342,3.298,5.993,0.602,4.241,0.753,6.044,12.204,10.271,4.199,12.993,3.385,3.207
235,27,0,7,7,0,0,0,1,6,0.0,1.806,3.62,2.71,22.57,4,57,5,7,15,3.21,2.45,29,13,95,6.41,1.87,0,9.884,9.951,0,0,0,0.861,7.003,,,0.818,2.782,5.21,2.408,3.512,3.495,6.198,10.141,8.403,2.612,10.968,3.771,2.844
599,38,0,7,7,0,1,0,4,6,2.796,2.408,4.03,2.42,12.77,6,48,4,7,11,2.01,2.43,16,12,294,7.51,2.06,0,6.383,8.437,0,2,0,2.584,7.003,,,0.667,2.466,3.928,3.113,3.362,3.01,5.895,8.553,8.326,4.759,9.031,3.653,3.549
74,19,1,2,8,1,1,1,2,7,1.908,0.301,3.04,2.74,20.77,4,27,4,6,11,2.93,2.0,41,11,218,5.05,1.67,1,7.571,9.357,2,2,3,1.292,7.606,,,1.094,2.813,5.017,2.408,2.863,3.01,5.527,8.553,6.5,3.004,12.096,3.525,3.363
363,47,0,13,6,0,0,1,4,5,0.0,2.352,2.74,3.33,22.4,5,141,1,5,13,3.56,2.42,51,11,29,6.92,2.18,0,15.243,11.471,0,0,3,2.584,6.291,,,1.271,3.357,5.193,2.796,4.298,0.753,5.607,9.399,8.288,2.192,12.807,3.525,2.103
670,49,1,15,14,1,0,0,1,7,0.0,1.556,3.27,3.17,19.22,6,131,0,5,30,1.93,2.87,61,13,323,7.64,2.2,1,14.745,13.07,2,0,0,0.861,7.606,,,0.975,3.22,4.838,3.113,4.235,0.0,6.943,13.952,9.887,4.953,13.39,3.771,3.608
169,35,0,13,15,0,0,0,3,1,0.602,1.398,2.47,2.14,19.87,6,86,2,4,25,3.17,2.47,18,15,282,6.02,2.01,0,12.495,12.739,0,0,0,2.048,1.355,,,1.454,2.123,4.914,3.113,3.869,1.505,5.977,12.917,8.479,2.664,9.415,3.981,3.523
619,38,1,6,17,1,0,0,0,7,4.0,0.0,2.44,3.26,10.37,0,85,2,3,24,2.69,2.8,27,12,323,7.55,2.06,1,9.928,12.518,2,0,0,0.0,7.606,,,1.476,3.298,3.486,0.0,3.859,1.505,5.894,12.688,9.655,3.387,10.735,3.653,3.608
198,17,0,1,6,1,1,0,4,3,1.204,1.69,3.27,3.15,35.98,5,8,6,8,18,3.14,2.3,54,18,51,6.21,1.6,0,9.886,9.625,2,2,0,2.584,4.294,,,0.975,3.202,6.333,2.796,1.806,3.891,6.802,11.11,7.811,2.705,12.993,4.249,2.455
819,12,0,9,20,0,0,1,1,2,0.0,2.511,4.25,2.08,20.04,2,194,3,8,12,2.51,2.51,34,16,368,7.88,1.41,0,7.837,12.619,0,0,3,0.861,2.709,,,0.597,2.044,4.934,1.204,4.576,2.386,6.429,8.991,8.63,3.706,11.486,4.076,3.69
968,50,1,6,14,0,1,0,0,3,4.0,0.0,3.63,2.49,18.23,2,5,2,3,13,1.98,2.84,47,13,281,8.07,2.21,1,7.833,11.247,0,2,0,0.0,4.294,,,0.814,2.546,4.717,1.204,1.398,1.505,5.544,9.399,9.788,4.83,12.541,3.771,3.521
835,21,1,8,12,0,0,1,1,7,3.113,1.69,3.32,2.12,33.95,5,119,3,4,28,2.75,2.49,45,12,162,7.9,1.72,1,10.405,11.519,0,0,3,0.861,7.606,,,0.951,2.097,6.19,2.796,4.151,2.386,6.317,13.558,8.555,3.287,12.399,3.653,3.177
917,17,0,2,15,1,0,0,4,3,1.204,0.954,4.54,3.48,35.32,1,104,3,8,24,2.35,2.93,56,12,312,8.01,1.6,0,9.872,12.072,2,0,0,2.584,4.294,,,0.517,3.48,6.288,0.602,4.034,2.386,7.231,12.688,10.081,4.015,13.111,3.653,3.587
63,45,1,9,8,0,0,0,0,7,4.0,0.602,3.26,3.09,37.07,0,151,6,6,18,3.24,2.18,21,17,383,4.86,2.15,1,13.861,11.555,0,0,0,0.0,7.606,,,0.98,3.148,6.407,0.0,4.358,3.891,6.062,11.11,7.308,2.573,9.917,4.165,3.715
771,57,1,12,6,0,0,1,1,5,2.408,0.602,3.1,2.83,25.07,0,147,0,7,29,2.38,2.02,19,18,101,7.8,2.29,1,13.652,10.98,0,0,3,0.861,6.291,,,1.061,2.903,5.458,0.0,4.335,0.0,6.819,13.758,6.593,3.955,9.591,4.249,2.882
207,43,0,6,13,0,1,1,2,5,4.0,2.083,4.21,3.39,31.04,5,120,0,6,17,2.46,2.94,22,10,545,6.26,2.13,0,11.567,12.08,0,2,3,1.292,6.291,,,0.609,3.407,5.971,2.796,4.158,0.0,6.193,10.803,10.113,3.8,10.068,3.385,3.935
996,49,1,12,19,1,1,1,3,5,3.38,2.352,4.78,2.92,25.62,4,197,2,3,21,3.44,2.4,47,13,323,8.11,2.2,1,12.499,13.492,2,2,3,2.048,6.291,,,0.458,2.99,5.509,2.408,4.589,1.505,5.684,11.948,8.21,2.328,12.541,3.771,3.608
371,39,1,3,4,0,1,0,3,1,4.0,1.556,4.47,2.8,21.73,0,141,2,4,15,3.79,2.22,65,9,369,6.95,2.07,1,6.824,7.328,0,2,0,2.048,1.355,,,0.535,2.873,5.122,0.0,4.298,1.505,5.398,10.141,7.479,1.954,13.597,3.23,3.691
27,34,1,1,15,0,0,1,1,5,0.0,1.398,3.7,2.9,15.12,0,176,4,7,30,3.48,2.65,37,16,187,3.87,2.0,1,5.153,10.649,0,0,3,0.861,6.291,,,0.786,2.971,4.297,0.0,4.491,3.01,7.033,13.952,9.139,2.282,11.762,4.076,3.267
61,33,0,5,13,1,1,0,3,1,4.0,2.352,3.23,3.17,13.68,0,82,0,7,22,1.95,2.01,58,16,464,4.83,1.98,0,8.714,11.261,2,2,0,2.048,1.355,,,0.994,3.22,4.077,0.0,3.828,0.0,6.838,12.204,6.547,4.904,13.226,4.076,3.834
501,22,1,2,13,0,1,1,2,3,4.0,1.556,4.95,3.12,28.86,2,29,1,4,22,3.1,2.32,53,11,542,7.3,1.75,1,7.937,11.018,0,2,3,1.292,4.294,,,0.421,3.175,5.795,1.204,2.925,0.753,5.961,12.204,7.892,2.759,12.932,3.525,3.931
257,13,1,8,20,0,1,0,4,4,2.796,1.908,2.67,2.54,16.9,1,147,3,5,25,2.42,2.05,48,13,290,6.51,1.45,1,10.286,13.192,0,2,0,2.584,5.419,,,1.316,2.601,4.546,0.602,4.335,2.386,6.357,12.917,6.732,3.877,12.609,3.771,3.541
881,33,0,10,12,0,1,0,0,5,4.0,2.558,2.9,2.55,19.51,0,76,2,7,10,2.63,2.3,57,14,465,7.96,1.98,0,11.462,11.823,0,2,0,0.0,6.291,,,1.173,2.612,4.872,0.0,3.762,1.505,6.02,8.081,7.811,3.49,13.169,3.88,3.836
115,35,0,3,8,1,1,1,3,1,4.0,1.69,4.26,3.15,21.83,3,194,4,3,18,3.62,2.13,42,15,151,5.57,2.01,0,8.032,9.548,2,2,3,2.048,1.355,,,0.594,3.202,5.132,1.908,4.576,3.01,5.399,11.11,7.091,2.128,12.174,3.981,3.133
845,36,1,11,16,1,1,1,2,6,3.817,2.408,2.72,2.25,23.91,6,200,4,8,19,2.58,2.76,25,17,226,7.91,2.03,1,12.026,12.825,2,2,3,1.292,7.003,,,1.283,2.263,5.346,3.113,4.602,3.01,6.867,11.402,9.52,3.579,10.485,4.165,3.385
46,49,1,7,14,1,0,1,0,5,4.0,2.352,4.34,2.57,35.06,3,19,5,5,25,3.03,2.41,48,14,537,4.5,2.2,1,10.407,11.992,2,0,3,0.0,6.291,,,0.571,2.634,6.269,1.908,2.558,3.495,6.424,12.917,8.249,2.858,12.609,3.88,3.926
937,21,1,0,7,1,1,0,3,3,4.0,1.398,4.35,2.12,32.47,2,130,2,7,19,3.0,2.39,21,17,268,8.03,1.72,1,0.0,3.996,2,2,0,2.048,4.294,,,0.0,2.097,6.081,1.204,4.228,1.505,6.198,11.402,8.171,0.0,9.917,4.165,3.492
254,25,0,6,7,1,0,0,0,5,1.204,2.558,4.78,2.03,18.14,5,156,5,4,16,3.97,2.46,17,18,415,6.5,1.82,0,4.824,7.617,2,0,0,0.0,6.291,,,0.458,1.976,4.706,2.796,4.386,3.495,5.438,10.481,8.441,1.786,9.228,4.249,3.765
124,36,1,11,15,0,1,0,3,5,1.908,0.954,3.97,3.11,12.17,6,35,6,7,22,2.12,2.08,54,15,40,5.66,2.03,1,10.646,12.277,0,2,0,2.048,6.291,,,0.687,3.166,3.824,3.113,3.088,3.891,6.796,12.204,6.868,4.504,12.993,3.981,2.304
865,55,1,10,20,0,0,1,0,1,2.796,2.558,4.16,2.86,23.25,0,89,1,8,27,2.57,2.27,43,16,232,7.94,2.27,1,11.458,13.447,0,0,3,0.0,1.355,,,0.625,2.932,5.28,0.0,3.899,0.753,7.154,13.351,7.687,3.596,12.251,4.076,3.402
752,28,1,7,20,1,0,1,4,2,2.408,1.908,3.58,2.3,27.54,3,170,2,8,15,3.12,2.55,57,14,25,7.78,1.89,1,9.388,12.988,2,0,3,2.584,2.709,,,0.835,2.324,5.682,1.908,4.461,1.505,6.647,10.141,8.778,2.732,13.169,3.88,2.01
560,30,0,3,12,0,1,1,1,4,3.612,2.461,2.53,2.24,13.3,6,179,2,6,23,2.63,2.57,52,14,318,7.43,1.93,0,5.655,9.927,0,2,3,0.861,5.419,,,1.411,2.251,4.016,3.113,4.506,1.505,6.678,12.451,8.851,3.49,12.87,3.88,3.598
443,49,0,0,12,0,1,1,1,6,4.0,0.301,4.9,2.12,32.9,2,87,6,3,21,2.37,2.53,56,15,138,7.15,2.2,0,0.0,7.234,0,2,3,0.861,7.003,,,0.0,2.097,6.113,1.204,3.879,3.891,5.607,11.948,8.704,0.0,13.111,3.981,3.077
486,16,1,1,16,0,0,0,1,2,1.204,2.461,3.48,3.04,11.31,1,51,3,5,25,2.24,2.94,52,12,231,7.26,1.57,1,4.721,10.784,0,0,0,0.861,2.709,,,0.878,3.103,3.668,0.602,3.415,2.386,6.664,12.917,10.113,4.242,12.87,3.653,3.399
654,10,0,4,14,0,0,0,4,4,0.602,0.301,2.52,3.23,16.89,3,11,5,8,10,1.9,2.62,26,9,423,7.61,1.3,0,10.212,11.938,0,0,0,2.584,5.419,,,1.418,3.272,4.545,1.908,2.083,3.495,6.15,8.081,9.032,5.028,10.612,3.23,3.777
938,32,1,1,19,0,0,0,0,4,0.602,2.602,3.2,2.68,34.06,1,167,0,3,18,3.28,2.39,63,14,378,8.04,1.96,1,8.494,12.576,0,0,0,0.0,5.419,,,1.009,2.751,6.198,0.602,4.445,0.0,5.631,11.11,8.171,2.522,13.495,3.88,3.706
631,48,1,7,6,0,1,1,3,5,2.408,2.602,4.13,2.51,35.87,0,114,5,6,22,2.01,2.9,35,15,491,7.57,2.19,1,10.484,9.861,0,2,3,2.048,6.291,,,0.634,2.568,6.326,0.0,4.114,3.495,6.76,12.204,9.984,4.759,11.581,3.981,3.87
560,33,1,10,18,0,0,1,0,5,3.817,2.292,4.32,2.49,22.62,2,109,6,8,30,2.25,2.17,40,17,236,7.43,1.98,1,10.226,12.794,0,0,3,0.0,6.291,,,0.577,2.546,5.215,1.204,4.075,3.891,7.268,13.952,7.265,4.22,12.015,4.165,3.412
720,46,0,0,20,0,1,0,4,2,4.0,2.511,4.45,2.11,16.96,5,82,1,3,19,2.23,2.66,41,13,144,7.72,2.17,0,0.0,10.303,0,2,0,2.584,2.709,,,0.0,2.084,4.554,2.796,3.828,0.753,5.396,11.402,9.174,0.0,12.096,3.771,3.104
775,49,0,9,16,0,0,0,2,2,3.38,1.556,3.61,2.24,15.24,2,116,2,3,11,3.09,2.99,58,11,424,7.81,2.2,0,8.101,11.815,0,0,0,1.292,2.709,,,0.822,2.251,4.315,1.204,4.129,1.505,5.196,8.553,10.271,2.773,13.226,3.525,3.778
672,35,0,13,12,1,1,1,2,1,4.0,2.083,4.34,2.55,23.76,1,107,2,8,23,3.89,2.46,62,8,54,7.64,2.01,0,12.097,11.998,2,2,3,1.292,1.355,,,0.571,2.612,5.331,0.602,4.059,1.505,6.8,12.451,8.441,1.859,13.443,3.057,2.491
105,23,0,11,14,1,1,0,1,6,0.602,0.301,2.67,2.7,18.03,1,92,4,4,26,3.01,2.9,16,9,377,5.46,1.77,0,12.465,12.527,2,2,0,0.861,7.003,,,1.316,2.772,4.692,0.602,3.928,3.01,5.97,13.137,9.984,2.886,9.031,3.23,3.705
170,30,0,3,8,1,0,1,4,7,4.0,2.228,2.8,2.47,33.62,1,135,3,4,23,3.02,2.66,52,14,94,6.03,1.93,0,9.572,10.147,2,0,3,2.584,7.606,,,1.233,2.523,6.166,0.602,4.261,2.386,6.212,12.451,9.174,2.872,12.87,3.88,2.837
89,60,1,0,14,0,1,0,0,4,2.796,2.408,3.74,2.78,32.18,3,168,1,5,21,1.82,2.38,28,18,72,5.27,2.32,1,0.0,8.16,0,2,0,0.0,5.419,,,0.0,2.853,6.059,1.908,4.451,0.753,5.925,11.948,8.131,0.0,10.854,4.249,2.671
919,44,1,2,17,1,1,1,1,2,3.38,2.083,2.46,2.3,11.52,6,68,5,4,15,2.71,2.59,51,8,550,8.01,2.14,1,4.81,11.083,2,2,3,0.861,2.709,,,1.461,2.324,3.707,3.113,3.665,3.495,5.567,10.141,8.924,3.353,12.807,3.057,3.941
650,46,1,8,7,1,0,0,4,2,0.0,1.908,3.03,2.42,18.67,2,69,0,6,15,2.71,2.94,61,15,312,7.61,2.17,1,9.668,9.868,2,0,0,2.584,2.709,,,1.099,2.466,4.772,1.204,3.678,0.0,6.414,10.141,10.113,3.353,13.39,3.981,3.587
538,11,0,10,12,0,1,0,1,4,0.602,1.908,3.03,3.29,16.13,4,139,5,4,23,2.27,2.89,38,15,489,7.38,1.36,0,12.452,12.094,0,2,0,0.861,5.419,,,1.099,3.323,4.441,2.408,4.286,3.495,6.34,12.451,9.952,4.178,11.848,3.981,3.867
642,16,1,10,18,0,1,0,2,1,0.602,2.228,2.6,2.72,21.64,6,124,1,5,24,3.1,2.69,50,14,169,7.59,1.57,1,12.708,13.358,0,2,0,1.292,1.355,,,1.363,2.792,5.112,3.113,4.187,0.753,6.47,12.688,9.279,2.759,12.742,3.88,3.204
628,59,0,2,16,1,1,1,2,3,4.0,2.352,4.68,2.65,13.15,6,159,0,8,14,1.87,2.39,47,8,332,7.56,2.31,0,3.283,10.285,2,2,3,1.292,4.294,,,0.482,2.72,3.991,3.113,4.403,0.0,6.506,9.781,8.171,5.104,12.541,3.057,3.625
742,53,1,3,6,0,0,1,0,2,4.0,1.398,4.87,2.43,29.65,5,101,3,8,12,3.65,2.48,56,17,329,7.76,2.25,1,6.563,8.107,0,0,3,0.0,2.709,,,0.438,2.478,5.86,2.796,4.009,2.386,6.422,8.991,8.517,2.096,13.111,4.165,3.62
682,15,1,7,12,0,0,1,4,4,3.817,1.398,4.21,2.69,37.26,1,44,2,8,29,2.88,2.67,38,18,270,7.66,1.53,1,11.063,11.71,0,0,3,2.584,5.419,,,0.609,2.761,6.42,0.602,3.287,1.505,7.302,13.758,9.209,3.08,11.848,4.249,3.496
628,25,1,10,8,1,0,1,1,4,3.38,1.806,2.65,3.36,17.87,6,110,1,6,10,2.15,2.76,25,10,513,7.56,1.82,1,13.445,11.432,2,0,3,0.861,5.419,,,1.329,3.382,4.672,3.113,4.083,0.753,5.689,8.081,9.52,4.437,10.485,3.385,3.897
229,25,1,1,6,0,0,0,4,5,4.0,2.228,3.24,2.95,24.36,2,138,3,5,29,3.9,2.75,21,11,197,6.38,1.82,1,7.898,8.763,0,0,0,2.584,6.291,,,0.989,3.019,5.39,1.204,4.28,2.386,6.321,13.758,9.486,1.85,9.917,3.525,3.299
24,44,1,13,4,0,0,0,0,4,4.0,2.408,3.9,3.48,35.4,5,197,0,4,29,3.99,2.35,18,8,38,3.73,2.14,1,15.613,11.074,0,0,0,0.0,5.419,,,0.711,3.48,6.293,2.796,4.589,0.0,5.797,13.758,8.012,1.768,9.415,3.057,2.272
768,25,1,13,20,0,0,1,0,2,3.817,2.158,3.65,2.29,11.49,0,72,5,8,11,2.37,2.28,46,8,255,7.8,1.82,1,9.553,13.026,0,0,3,0.0,2.709,,,0.806,2.312,3.702,0.0,3.715,3.495,6.135,8.553,7.729,3.975,12.471,3.057,3.461
18,14,1,4,20,0,0,0,0,5,4.0,2.602,3.49,2.55,21.16,4,138,3,4,12,2.27,2.72,23,12,24,3.39,1.49,1,7.577,12.555,0,0,0,0.0,6.291,,,0.873,2.612,5.06,2.408,4.28,2.386,5.379,8.991,9.383,4.178,10.213,3.653,1.985
469,22,0,12,11,0,1,0,3,5,0.0,1.398,2.84,3.31,35.0,4,199,6,5,25,2.86,2.76,26,12,287,7.22,1.75,0,15.91,12.758,0,2,0,2.048,6.291,,,1.209,3.34,6.265,2.408,4.598,3.891,6.356,12.917,9.52,3.111,10.612,3.653,3.534
723,17,0,6,14,1,1,1,0,1,4.0,2.461,4.72,3.39,24.33,6,110,6,7,10,2.58,2.56,60,13,158,7.73,1.6,0,10.364,11.98,2,2,3,0.0,1.355,,,0.472,3.407,5.387,3.113,4.083,3.891,6.106,8.081,8.815,3.579,13.336,3.771,3.162
225,28,0,9,4,0,0,1,4,7,2.408,2.461,4.77,3.02,15.83,5,182,1,7,29,3.29,2.84,60,9,6,6.36,1.89,0,9.59,8.775,0,0,3,2.584,7.606,,,0.46,3.084,4.399,2.796,4.52,0.753,7.004,13.758,9.788,2.509,13.336,3.23,1.119
116,34,1,12,8,0,1,1,1,2,4.0,1.556,3.95,2.59,37.35,2,7,1,8,26,3.46,2.83,24,13,24,5.58,2.0,1,13.476,11.442,0,2,3,0.861,2.709,,,0.694,2.656,6.426,1.204,1.69,0.753,6.991,13.137,9.755,2.305,10.352,3.771,1.985
657,23,0,14,18,1,1,0,1,5,4.0,2.0,3.28,3.03,13.12,2,102,0,7,23,1.94,2.21,38,13,316,7.62,1.77,0,12.908,13.401,2,2,0,0.861,6.291,,,0.97,3.094,3.986,1.204,4.017,0.0,6.795,12.451,7.436,4.928,11.848,3.771,3.594
245,53,0,14,18,1,0,0,3,1,4.0,0.0,3.99,2.13,25.11,5,140,6,8,11,3.83,2.04,30,12,8,6.46,2.25,0,11.798,13.157,2,0,0,2.048,1.355,,,0.68,2.11,5.462,2.796,4.292,3.891,5.884,8.553,6.686,1.915,11.078,3.653,1.299
136,41,0,4,15,0,0,1,4,2,4.0,0.954,3.96,2.27,30.86,0,171,4,3,24,2.49,2.83,35,8,148,5.77,2.1,0,7.55,11.414,0,0,3,2.584,2.709,,,0.69,2.288,5.957,0.0,4.466,3.01,5.861,12.688,9.755,3.743,11.581,3.057,3.121
67,59,0,10,13,1,0,0,1,1,2.796,2.408,4.36,2.11,21.47,1,156,2,7,30,2.7,2.87,40,9,345,4.94,2.31,0,8.714,11.261,2,0,0,0.861,1.355,,,0.565,2.084,5.094,0.602,4.386,1.505,7.022,13.952,9.887,3.37,12.015,3.23,3.649
878,41,1,3,16,0,0,0,0,4,0.602,2.083,2.8,2.5,11.19,3,65,4,6,17,3.5,2.65,19,8,110,7.96,2.1,1,5.395,11.004,0,0,0,0.0,5.419,,,1.233,2.557,3.646,1.908,3.626,3.01,5.85,10.803,9.139,2.259,9.591,3.057,2.935
86,55,1,13,5,1,0,1,3,7,4.0,2.461,3.07,2.85,18.69,3,170,4,5,15,1.87,2.13,65,8,499,5.23,2.27,1,13.318,10.591,2,0,3,2.048,7.606,,,1.077,2.923,4.774,1.908,4.461,3.01,5.872,10.141,7.091,5.104,13.597,3.057,3.88
202,56,1,2,17,1,1,1,2,3,3.113,2.408,4.54,3.35,28.86,6,50,6,7,14,2.12,2.59,56,14,296,6.23,2.28,1,8.805,12.231,2,2,3,1.292,4.294,,,0.517,3.374,5.795,3.113,3.398,3.891,6.522,9.781,8.924,4.504,13.111,3.88,3.554
973,20,0,0,8,0,1,0,0,7,1.908,1.556,4.51,3.09,13.91,6,85,0,6,19,2.66,2.43,27,8,2,8.08,1.7,0,0.0,4.798,0,2,0,0.0,7.606,,,0.0,3.148,4.114,3.113,3.859,0.0,5.777,11.402,8.326,0.0,10.735,3.057,0.433
490,32,0,11,5,1,0,0,4,4,4.0,1.204,4.44,2.39,24.91,2,70,4,3,29,2.72,2.65,50,11,117,7.27,1.96,0,10.7,9.617,2,0,0,2.584,5.419,,,0.543,2.431,5.443,1.204,3.69,3.01,6.18,13.758,9.139,3.337,12.742,3.525,2.974
224,42,0,12,6,0,0,0,4,5,4.0,0.301,3.74,3.21,13.19,3,196,2,4,11,2.88,2.22,41,8,189,6.35,2.12,0,11.854,10.371,0,0,0,2.584,6.291,,,0.771,3.255,3.998,1.908,4.585,1.505,4.977,8.553,7.479,3.08,12.096,3.057,3.273
171,48,0,9,19,1,1,1,1,2,2.796,0.0,3.08,2.45,11.91,6,133,5,5,24,2.19,2.9,65,8,362,6.04,2.19,0,8.693,12.625,2,2,3,0.861,2.709,,,1.072,2.501,3.778,3.113,4.248,3.495,6.545,12.688,9.984,4.349,13.597,3.057,3.679
614,45,0,0,15,0,0,1,3,4,0.0,1.398,4.8,2.34,32.31,4,127,4,7,18,2.93,2.55,22,16,196,7.54,2.15,0,0.0,8.575,0,0,3,2.048,5.419,,,0.0,2.372,6.069,2.408,4.208,3.01,6.187,11.11,8.778,0.0,10.068,4.076,3.296
157,47,0,8,11,0,0,1,0,3,4.0,0.602,3.97,2.9,11.45,1,117,0,3,15,2.93,2.48,64,10,417,5.94,2.18,0,8.22,10.558,0,0,3,0.0,4.294,,,0.687,2.971,3.694,0.602,4.136,0.0,5.383,10.141,8.517,3.004,13.546,3.385,3.768
465,50,0,6,14,1,1,1,3,7,4.0,2.461,4.25,3.31,36.92,5,170,5,6,10,2.74,2.37,37,16,541,7.21,2.21,0,11.964,12.401,2,2,3,2.048,7.606,,,0.597,3.34,6.397,2.796,4.461,3.495,5.721,8.081,8.092,3.303,11.762,4.076,3.93
429,38,1,2,20,1,1,0,3,5,1.908,2.408,4.98,3.31,13.21,5,29,5,6,12,2.49,2.99,39,18,44,7.12,2.06,1,5.267,11.953,2,2,0,2.048,6.291,,,0.415,3.34,4.001,2.796,2.925,3.495,6.196,8.991,10.271,3.743,11.933,4.249,2.363
123,46,0,10,13,0,1,0,4,2,0.0,2.292,4.12,2.93,13.31,0,13,1,7,14,3.12,2.14,35,16,244,5.65,2.17,0,9.814,11.59,0,2,0,2.584,2.709,,,0.637,3.0,4.018,0.0,2.228,0.753,6.144,9.781,7.134,2.732,11.581,4.076,3.433
575,43,1,2,8,0,1,1,4,4,4.0,2.511,2.42,2.16,29.43,1,11,2,7,22,3.2,2.79,16,18,80,7.46,2.13,1,8.147,9.595,0,2,3,2.584,5.419,,,1.491,2.149,5.842,0.602,2.083,1.505,6.645,12.204,9.622,2.625,9.031,4.249,2.737
944,26,1,5,18,0,0,0,3,5,4.0,2.228,4.86,2.9,21.95,4,48,3,4,10,3.74,2.81,17,10,512,8.04,1.84,1,8.098,12.264,0,0,0,2.048,6.291,,,0.44,2.971,5.145,2.408,3.362,2.386,4.811,8.081,9.689,2.004,9.228,3.385,3.896
518,27,0,5,18,1,0,0,0,4,1.204,1.204,2.58,2.2,27.36,5,124,5,3,25,3.09,2.03,60,12,68,7.34,1.87,0,9.411,12.596,2,0,0,0.0,5.419,,,1.376,2.2,5.666,2.796,4.187,3.495,5.812,12.917,6.64,2.773,13.336,3.653,2.635
903,24,0,5,18,0,0,1,0,3,2.796,2.511,3.49,2.95,10.69,3,56,6,3,19,1.93,2.16,19,11,239,7.99,1.8,0,6.858,11.933,0,0,3,0.0,4.294,,,0.873,3.019,3.55,1.908,3.496,3.891,5.415,11.402,7.222,4.953,9.591,3.525,3.42
119,12,1,5,14,0,1,1,0,2,4.0,0.602,4.95,2.08,10.65,6,68,6,3,14,1.85,2.12,54,18,373,5.61,1.41,1,1.796,9.021,0,2,3,0.0,2.709,,,0.421,2.044,3.542,3.113,3.665,3.891,5.548,9.781,7.046,5.155,12.993,4.249,3.698
298,14,1,11,15,0,1,0,1,6,0.0,0.0,5.0,2.73,13.85,3,140,2,4,20,2.02,2.63,42,8,238,6.69,1.49,1,9.324,11.923,0,2,0,0.861,7.003,,,0.41,2.803,4.104,1.908,4.292,1.505,5.975,11.681,9.068,4.735,12.174,3.057,3.417
465,29,0,7,14,1,1,1,4,1,1.204,0.0,3.07,3.48,29.26,2,97,6,7,26,1.92,2.74,52,16,278,7.21,1.91,0,13.183,12.703,2,2,3,2.584,1.355,,,1.077,3.48,5.828,1.204,3.974,3.891,7.201,13.137,9.452,4.978,12.87,4.076,3.514
814,12,0,3,10,0,0,0,1,1,4.0,1.556,4.42,2.94,11.53,1,87,6,4,24,3.61,2.13,22,10,36,7.87,1.41,0,4.72,8.835,0,0,0,0.861,1.355,,,0.549,3.009,3.709,0.602,3.879,3.891,5.659,12.688,7.091,2.138,10.068,3.385,2.238
279,32,1,10,11,1,1,1,0,6,3.113,2.292,2.97,2.96,16.76,0,101,6,6,28,3.43,2.79,16,16,122,6.61,1.96,1,11.927,11.719,2,2,3,0.0,7.003,,,1.133,3.028,4.527,0.0,4.009,3.891,6.612,13.558,9.622,2.34,9.031,4.076,3.0
781,51,1,6,13,0,1,0,1,5,0.0,0.602,3.49,3.21,25.35,5,7,6,6,12,2.76,2.52,64,8,483,7.82,2.23,1,11.162,11.97,0,2,0,0.861,6.291,,,0.873,3.255,5.484,2.796,1.69,3.891,5.854,8.991,8.667,3.271,13.546,3.057,3.859
9,48,1,8,20,1,0,1,0,1,2.796,1.204,4.65,2.54,33.93,2,158,5,7,23,2.28,2.64,24,13,332,2.58,2.19,1,10.515,13.242,2,0,3,0.0,1.355,,,0.489,2.601,6.189,1.204,4.397,3.495,6.763,12.451,9.103,4.158,10.352,3.771,3.625
722,23,1,14,15,1,1,0,0,1,2.408,1.556,4.81,3.36,16.77,2,114,6,3,14,3.56,2.73,51,10,215,7.73,1.77,1,13.076,12.877,2,2,0,0.0,1.355,,,0.451,3.382,4.529,1.204,4.114,3.891,5.248,9.781,9.418,2.192,12.807,3.385,3.354
937,17,1,2,9,1,0,0,0,2,4.0,1.908,3.04,2.97,22.52,0,126,2,6,11,2.37,2.92,58,8,418,8.03,1.6,1,8.553,10.078,2,0,0,0.0,2.709,,,1.094,3.038,5.205,0.0,4.201,1.505,5.934,8.553,10.049,3.975,13.226,3.057,3.769
581,27,0,1,19,1,0,1,3,7,0.0,2.558,4.63,2.64,19.4,1,180,4,3,19,3.85,2.85,18,8,24,7.47,1.87,0,4.312,11.442,2,0,3,2.048,7.606,,,0.494,2.709,4.859,0.602,4.511,3.01,5.23,11.402,9.821,1.896,9.415,3.057,1.985
548,34,0,14,6,1,1,0,3,3,2.408,1.398,4.28,2.83,24.19,4,32,0,3,23,2.89,2.62,59,16,210,7.4,2.0,0,13.374,10.889,2,2,0,2.048,4.294,,,0.588,2.903,5.373,2.408,3.01,0.0,6.063,12.451,9.032,3.065,13.281,4.076,3.339
707,44,1,12,4,1,1,1,3,5,3.38,2.352,3.92,3.04,20.08,4,55,3,4,16,2.87,2.61,37,18,411,7.7,2.14,1,12.602,10.034,2,2,3,2.048,6.291,,,0.704,3.103,4.939,2.408,3.481,2.386,5.829,10.481,8.996,3.095,11.762,4.249,3.759
879,21,0,9,11,0,1,0,2,3,3.113,2.461,4.71,2.35,15.97,3,36,3,8,25,1.97,2.42,21,17,443,7.96,1.72,0,7.628,10.349,0,2,0,1.292,4.294,,,0.474,2.384,4.419,1.908,3.113,2.386,7.088,12.917,8.288,4.855,9.917,4.165,3.805
493,44,1,9,9,1,0,1,0,2,4.0,2.083,4.81,3.5,20.38,1,90,0,4,21,3.02,2.43,51,15,493,7.28,2.14,1,11.508,11.093,2,0,3,0.0,2.709,,,0.451,3.496,4.973,0.602,3.908,0.0,6.058,11.948,8.326,2.872,12.807,3.981,3.872
31,49,1,13,4,1,0,0,4,1,3.38,2.511,2.44,3.45,35.11,4,60,4,6,13,2.71,2.35,27,14,141,4.03,2.2,1,17.096,11.527,2,0,0,2.584,1.355,,,1.476,3.456,6.273,2.408,3.556,3.01,5.856,9.399,8.012,3.353,10.735,3.88,3.091
333,20,0,7,12,0,0,0,1,3,1.908,2.0,4.23,2.33,11.43,2,20,0,7,20,2.74,2.94,64,15,40,6.82,1.7,0,5.388,9.824,0,0,0,0.861,4.294,,,0.603,2.36,3.691,1.204,2.602,0.0,6.906,11.681,10.113,3.303,13.546,3.981,2.304
141,26,1,14,19,0,1,0,4,4,3.38,2.228,4.37,2.29,20.08,2,143,6,6,18,3.03,2.89,47,12,101,5.81,1.84,1,11.273,13.226,0,2,0,2.584,5.419,,,0.562,2.312,4.939,1.204,4.311,3.891,6.402,11.11,9.952,2.858,12.541,3.653,2.882
489,36,0,4,9,0,1,1,3,7,4.0,2.461,4.07,3.44,27.13,5,70,2,6,12,3.7,2.62,59,14,231,7.27,2.03,0,10.273,10.69,0,2,3,2.048,7.606,,,0.653,3.448,5.646,2.796,3.69,1.505,5.951,8.991,9.032,2.044,13.281,3.88,3.399
518,36,0,5,20,0,1,1,3,3,4.0,2.408,3.42,3.47,20.95,1,94,0,4,25,2.45,2.23,44,17,121,7.34,2.03,0,10.638,13.27,0,2,3,2.048,4.294,,,0.904,3.472,5.037,0.602,3.946,0.0,6.263,12.917,7.521,3.819,12.326,4.165,2.995
58,19,0,3,19,0,0,0,1,7,1.204,1.398,2.44,3.21,18.79,1,10,6,5,29,2.99,2.08,37,11,2,4.77,1.67,0,10.144,12.97,0,0,0,0.861,7.606,,,1.476,3.255,4.786,0.602,2.0,3.891,6.324,13.758,6.868,2.915,11.762,3.525,0.433
620,24,1,1,11,0,1,0,0,5,2.796,2.461,4.51,2.32,30.04,4,19,0,6,16,2.44,2.29,29,16,491,7.55,1.8,1,5.155,9.392,0,2,0,0.0,6.291,,,0.524,2.348,5.891,2.408,2.558,0.0,6.155,10.481,7.77,3.838,10.968,4.076,3.87
63,44,1,9,9,1,1,1,2,5,1.908,2.352,3.89,2.41,14.23,6,19,5,7,15,3.85,2.64,28,16,28,4.86,2.14,1,8.14,9.921,2,2,3,1.292,6.291,,,0.715,2.455,4.164,3.113,2.558,3.495,6.257,10.141,9.103,1.896,10.854,4.076,2.081
203,49,1,9,16,1,0,0,0,5,0.602,0.301,4.62,2.67,32.7,2,100,1,5,14,3.06,2.16,53,8,237,6.24,2.2,1,11.291,12.649,2,0,0,0.0,6.291,,,0.496,2.741,6.098,1.204,4.0,0.753,5.537,9.781,7.222,2.815,12.932,3.057,3.415
312,34,0,3,20,1,1,1,0,6,1.204,0.954,4.43,2.21,13.56,4,15,5,7,22,3.29,2.47,47,9,26,6.74,2.0,0,2.504,11.144,2,2,3,0.0,7.003,,,0.546,2.213,4.058,2.408,2.352,3.495,6.574,12.204,8.479,2.509,12.541,3.23,2.035
418,36,1,2,6,1,0,0,4,4,3.113,0.0,4.1,2.46,17.53,1,96,4,3,24,1.97,2.03,47,18,366,7.09,2.03,1,4.401,6.863,2,0,0,2.584,5.419,,,0.644,2.512,4.629,0.602,3.965,3.01,6.037,12.688,6.64,4.855,12.541,4.249,3.686
517,10,1,13,17,1,1,1,1,4,1.908,2.352,4.38,2.71,37.87,6,35,3,5,20,2.2,2.39,38,17,207,7.34,1.3,1,13.96,13.448,2,2,3,0.861,5.419,,,0.56,2.782,6.46,3.113,3.088,2.386,6.32,11.681,8.171,4.327,11.848,4.165,3.33
917,14,1,0,11,1,1,0,3,4,4.0,2.083,2.83,2.42,36.93,6,56,1,4,23,2.64,2.89,48,14,251,8.01,1.49,1,0.0,6.711,2,2,0,2.048,5.419,,,0.0,2.466,6.398,3.113,3.496,0.753,6.005,12.451,9.952,0.0,12.609,3.88,3.451
984,19,1,14,10,1,1,1,0,4,1.204,1.204,3.47,2.2,30.43,1,88,5,3,15,2.12,2.33,59,13,419,8.09,1.67,1,13.131,11.824,2,2,3,0.0,5.419,,,0.882,2.2,5.923,0.602,3.889,3.495,5.55,10.141,7.932,4.504,13.281,3.771,3.771
445,28,0,3,9,0,0,0,0,7,0.602,2.461,3.78,2.59,33.68,0,62,6,3,16,1.99,2.58,52,9,201,7.16,1.89,0,8.599,10.095,0,0,0,0.0,7.606,,,0.755,2.656,6.171,0.0,3.585,3.891,5.573,10.481,8.888,4.806,12.87,3.23,3.312
77,11,1,6,9,0,1,0,0,1,3.612,2.0,4.71,2.77,36.87,6,129,2,5,27,3.35,2.57,21,16,38,5.1,1.36,1,10.358,10.718,0,2,0,0.0,1.355,,,0.474,2.843,6.394,3.113,4.221,1.505,6.364,13.351,8.851,2.435,9.917,4.076,2.272
83,46,0,8,11,1,0,0,3,4,4.0,2.461,3.67,2.89,28.22,1,77,2,8,19,2.31,2.16,46,18,146,5.19,2.17,0,11.605,11.626,2,0,0,2.048,5.419,,,0.798,2.961,5.74,0.602,3.773,1.505,6.88,11.402,7.222,4.096,12.471,4.249,3.112
19,16,1,0,16,0,1,0,3,6,4.0,1.908,4.19,3.27,10.7,0,57,3,4,29,2.92,2.38,18,12,206,3.46,1.57,1,0.0,8.963,0,2,0,2.048,7.003,,,0.0,3.306,3.551,0.0,3.512,2.386,5.788,13.758,8.131,0.0,9.415,3.653,3.327
760,34,1,6,12,1,1,1,4,5,4.0,1.908,3.92,2.04,24.88,4,161,2,8,21,2.93,2.5,15,14,158,7.79,2.0,1,7.021,10.43,2,2,3,2.584,6.291,,,0.704,1.99,5.44,2.408,4.414,1.505,6.666,11.948,8.593,3.004,8.821,3.88,3.162
622,31,0,5,14,0,1,0,0,3,0.0,2.228,3.68,3.37,13.31,2,101,5,5,21,3.71,2.42,44,13,206,7.55,1.94,0,8.531,11.458,0,2,0,0.0,4.294,,,0.794,3.39,4.018,1.204,4.009,3.495,6.127,11.948,8.288,2.034,12.326,3.771,3.327
290,33,0,12,12,0,1,1,1,4,0.0,2.602,4.14,2.22,27.63,5,20,4,8,27,3.12,2.63,59,13,140,6.66,1.98,0,11.271,11.769,0,2,3,0.861,5.419,,,0.631,2.225,5.69,2.796,2.602,3.01,7.2,13.351,9.068,2.732,13.281,3.771,3.086
188,35,1,4,4,1,0,1,0,4,1.204,1.398,4.76,3.26,31.16,5,29,1,6,10,2.01,2.32,41,15,317,6.15,2.01,1,9.853,8.896,2,0,3,0.0,5.419,,,0.463,3.298,5.98,2.796,2.925,0.753,5.844,8.081,7.892,4.759,12.096,3.981,3.596
404,56,0,13,17,1,0,1,2,6,3.38,2.461,2.5,3.17,30.2,0,60,4,3,17,2.88,2.15,61,17,157,7.05,2.28,0,16.124,13.893,2,0,3,1.292,7.003,,,1.433,3.22,5.904,0.0,3.556,3.01,5.587,10.803,7.178,3.08,13.39,4.165,3.158
795,26,1,9,18,1,1,1,0,1,1.204,2.558,2.57,3.14,17.77,2,73,4,8,29,1.88,2.92,65,13,126,7.84,1.84,1,12.634,13.342,2,2,3,0.0,1.355,,,1.383,3.193,4.659,1.204,3.727,3.01,7.528,13.758,10.049,5.078,13.597,3.771,3.02
258,55,0,8,10,1,0,0,3,2,3.817,0.0,4.45,2.93,24.25,2,111,3,5,25,1.9,2.15,36,18,335,6.52,2.27,0,10.515,11.043,2,0,0,2.048,2.709,,,0.54,3.0,5.379,1.204,4.091,2.386,6.529,12.917,7.178,5.028,11.672,4.249,3.631
516,52,0,14,13,1,1,0,0,3,2.796,2.352,4.22,2.86,14.9,5,158,2,6,21,1.97,2.34,63,17,9,7.33,2.24,0,12.005,12.196,2,2,0,0.0,4.294,,,0.606,2.932,4.265,2.796,4.397,1.505,6.733,11.948,7.972,4.855,13.495,4.165,1.372
4904,164,0,17,34,1,1,1,6,11,4.0,6.0,0.2,6.13,73.49,8,628,6,12,44,0.0,3.42,112,36,1311,9.98,2.89,0,27.064,17.52,2,2,3,3.0,9.0,,,4.524,5.0,8.169,3.612,5.596,3.891,9.053,16.2,11.531,13.0,15.0,5.0,4.483
2323,75,1,29,29,0,1,1,5,12,4.0,6.0,1.78,4.26,92.67,10,365,12,8,157,0.8,3.68,131,45,1022,9.1,2.44,1,25.146,16.821,0,2,3,3.0,9.0,,,2.053,4.044,8.792,4.0,5.125,5.0,9.489,24.0,12.218,8.714,15.0,5.0,4.328
2800,158,1,29,34,1,1,0,7,10,4.0,5.966,1.89,4.44,130.6,7,463,11,10,51,0.22,4.24,136,45,2150,9.32,2.87,1,25.31,17.327,2,2,0,3.0,9.0,,,1.943,4.16,9.0,3.38,5.331,5.0,9.166,17.092,13.0,11.646,15.0,5.0,4.792
4559,165,1,30,27,1,1,0,5,10,4.0,6.0,0.5,5.91,86.16,12,960,8,10,71,0.64,3.3,89,43,1231,9.89,2.89,1,28.461,17.019,2,2,0,3.0,9.0,,,3.894,4.958,8.595,4.0,5.965,4.515,9.172,19.139,11.196,9.44,14.62,5.0,4.444
1348,131,0,25,21,0,0,1,6,8,4.0,6.0,2.28,6.07,79.3,12,301,9,9,139,0.99,4.3,90,23,700,8.46,2.76,0,25.507,15.999,0,0,3,3.0,8.128,,,1.599,5.0,8.372,4.0,4.957,4.771,9.498,23.491,13.0,7.924,14.657,4.609,4.091
2910,153,0,20,36,0,0,1,7,12,4.0,6.0,0.49,6.55,74.05,10,852,6,13,91,1.69,3.75,92,22,1053,9.36,2.85,0,27.065,17.699,0,0,3,3.0,9.0,,,3.914,5.0,8.189,4.0,5.861,3.891,9.154,20.717,12.395,5.584,14.728,4.544,4.346
2098,158,1,21,21,0,0,0,7,8,4.0,6.0,0.74,5.09,46.7,12,907,10,8,144,1.32,4.36,144,38,2898,8.98,2.87,1,25.275,15.967,0,0,0,3.0,8.128,,,3.454,4.541,6.988,4.0,5.915,5.0,9.394,23.727,13.0,6.719,15.0,5.0,4.978
4090,185,1,15,29,1,0,1,5,7,4.0,6.0,0.07,6.73,48.47,10,251,12,9,137,1.34,3.99,142,38,2357,9.76,2.96,1,26.179,16.946,2,0,3,3.0,7.606,,,4.828,5.0,7.083,4.0,4.799,5.0,9.488,23.394,12.977,6.652,15.0,5.0,4.849
3409,199,1,24,30,0,1,0,6,7,4.0,6.0,2.07,6.77,107.8,7,307,8,14,78,0.51,4.82,117,28,773,9.55,3.0,1,25.936,17.016,0,2,0,3.0,7.606,,,1.776,5.0,9.0,3.38,4.974,4.515,9.375,19.733,13.0,10.074,15.0,4.899,4.153
3003,178,1,16,24,0,1,0,5,12,4.0,6.0,0.63,4.28,134.88,13,455,8,9,101,0.19,3.02,140,20,1053,9.4,2.93,1,25.044,16.277,0,2,0,3.0,9.0,,,3.649,4.057,9.0,4.0,5.316,4.515,9.312,21.39,10.365,11.822,15.0,4.404,4.346
2104,155,0,26,27,0,0,0,4,8,4.0,5.766,0.9,5.96,64.74,9,347,10,10,63,1.73,3.63,119,45,1007,8.98,2.86,0,27.136,16.861,0,0,0,2.584,8.128,,,3.188,4.981,7.833,3.817,5.081,5.0,8.929,18.392,12.09,5.474,15.0,5.0,4.318
2050,115,0,25,28,0,0,0,5,7,4.0,6.0,1.46,6.43,100.65,6,296,9,8,150,1.53,4.06,75,43,2392,8.95,2.69,0,26.999,16.944,0,0,0,3.0,7.606,,,2.41,5.0,9.0,3.113,4.943,4.771,9.347,24.0,13.0,6.049,14.063,5.0,4.859
1198,110,0,15,26,1,0,0,5,8,4.0,6.0,0.11,5.46,53.42,12,437,12,13,159,1.35,4.95,103,40,1726,8.32,2.66,0,25.893,16.604,2,0,0,3.0,8.128,,,4.732,4.737,7.333,4.0,5.281,5.0,9.687,24.0,13.0,6.619,15.0,5.0,4.655
1983,200,1,21,36,1,1,1,5,10,4.0,6.0,1.75,6.56,137.72,9,514,6,11,142,0.94,4.23,79,29,917,8.91,3.0,1,25.552,17.537,2,2,3,3.0,9.0,,,2.084,5.0,9.0,3.817,5.422,3.891,9.683,23.633,13.0,8.125,14.232,4.95,4.26
3064,164,1,29,32,0,0,1,5,12,4.0,5.666,0.67,6.49,49.22,13,804,6,12,102,0.66,3.11,93,20,2920,9.43,2.89,1,27.152,17.347,0,0,3,3.0,9.0,,,3.577,5.0,7.122,4.0,5.811,3.891,9.33,21.454,10.64,9.346,14.764,4.404,4.983
3903,155,0,27,31,1,0,1,7,7,4.0,6.0,1.59,4.28,78.73,11,641,8,12,53,0.95,3.73,126,30,936,9.71,2.86,0,25.111,17.017,2,0,3,3.0,7.606,,,2.258,4.057,8.353,4.0,5.614,4.515,8.96,17.327,12.345,8.085,15.0,5.0,4.273
4197,89,0,16,20,0,0,0,6,9,4.0,6.0,2.18,5.09,103.81,6,378,11,12,168,1.62,3.04,108,43,1251,9.79,2.54,0,22.924,15.502,0,0,0,3.0,8.588,,,1.681,4.541,9.0,3.113,5.155,5.0,9.513,24.0,10.426,5.783,15.0,5.0,4.454
2025,69,1,25,26,1,1,1,4,8,4.0,6.0,1.22,4.15,116.43,7,376,8,11,50,1.05,3.28,108,23,1966,8.94,2.4,1,26.082,16.628,2,2,3,2.584,8.128,,,2.717,3.971,9.0,3.38,5.15,4.515,8.766,16.972,11.139,7.69,15.0,4.609,4.736
2395,94,1,24,36,0,0,1,4,10,4.0,6.0,1.84,6.89,104.39,12,493,10,8,90,1.16,4.53,87,48,748,9.14,2.57,1,26.218,17.609,0,0,3,2.584,9.0,,,1.993,5.0,9.0,4.0,5.386,5.0,9.042,20.646,13.0,7.279,14.546,5.0,4.133
3036,143,0,22,34,0,1,1,5,7,4.0,6.0,1.58,4.32,64.56,9,738,9,14,116,1.11,4.29,104,41,2204,9.41,2.81,0,23.918,17.169,0,2,3,3.0,7.606,,,2.269,4.083,7.826,3.817,5.736,4.771,9.542,22.294,13.0,7.463,15.0,5.0,4.807
1659,146,1,25,23,0,0,1,6,8,4.0,6.0,0.98,4.74,118.23,8,402,12,11,68,0.0,4.25,123,37,2061,8.71,2.82,1,26.993,16.424,0,0,3,3.0,8.128,,,3.063,4.342,9.0,3.612,5.208,5.0,9.444,18.868,13.0,13.0,15.0,5.0,4.766
2382,126,1,15,35,0,0,0,7,10,4.0,3.974,0.1,3.57,135.45,11,984,10,14,112,0.81,4.06,142,50,1365,9.13,2.74,1,25.582,17.45,0,0,0,3.0,9.0,,,4.756,3.551,9.0,4.0,5.986,5.0,9.579,22.064,13.0,8.671,15.0,5.0,4.508
1612,128,1,24,21,1,0,0,7,12,4.0,4.352,1.07,6.27,112.1,7,753,10,8,34,1.46,4.81,144,21,1710,8.67,2.75,1,27.39,16.257,2,0,0,3.0,9.0,,,2.928,5.0,9.0,3.38,5.754,5.0,8.149,14.676,13.0,6.265,15.0,4.476,4.649
3666,104,1,20,24,1,0,1,7,11,4.0,5.967,0.76,6.14,75.89,9,639,9,13,88,1.36,3.5,140,50,1635,9.64,2.63,1,26.489,16.467,2,0,3,3.0,9.0,,,3.419,5.0,8.254,3.817,5.611,4.771,9.225,20.502,11.748,6.586,15.0,5.0,4.621
4103,151,1,27,35,0,0,1,5,12,4.0,5.265,0.61,4.48,74.53,9,927,11,13,102,0.6,4.45,145,18,2572,9.77,2.84,1,27.023,17.606,0,0,3,3.0,9.0,,,3.686,4.185,8.206,3.817,5.934,5.0,9.459,21.454,13.0,9.631,15.0,4.249,4.904
1981,198,0,21,26,0,1,1,4,12,4.0,6.0,0.14,4.07,101.34,13,715,6,9,66,1.62,4.77,75,35,2224,8.91,2.99,0,27.453,16.798,0,2,3,2.584,9.0,,,4.662,3.917,9.0,4.0,5.709,3.891,8.839,18.681,13.0,5.783,14.063,5.0,4.813
1526,92,1,17,20,0,0,0,7,11,4.0,6.0,1.11,6.13,115.87,10,826,9,10,137,0.92,4.88,140,29,1505,8.61,2.56,1,25.533,15.885,0,0,0,3.0,9.0,,,2.87,5.0,9.0,4.0,5.834,4.771,9.695,23.394,13.0,8.207,15.0,4.95,4.569
4205,92,1,20,32,0,1,0,7,11,4.0,5.96,0.06,6.78,42.13,9,960,11,13,66,0.67,3.56,99,42,664,9.8,2.56,1,27.22,17.354,0,2,0,3.0,9.0,,,4.852,5.0,6.727,3.817,5.965,5.0,9.165,18.681,11.907,9.299,14.967,5.0,4.058
4989,148,0,26,32,0,0,1,5,7,4.0,6.0,2.09,4.49,121.92,10,676,6,11,164,0.71,4.31,89,40,2787,10.0,2.83,0,25.102,17.113,0,0,3,3.0,7.606,,,1.758,4.191,9.0,4.0,5.66,3.891,9.795,24.0,13.0,9.115,14.62,5.0,4.954
1916,76,1,28,22,0,1,1,7,7,4.0,6.0,0.5,4.81,60.41,12,706,9,10,153,1.73,3.21,127,32,1425,8.87,2.45,1,27.145,16.335,0,2,3,3.0,7.606,,,3.894,4.383,7.652,4.0,5.698,4.771,9.524,24.0,10.937,5.474,15.0,5.0,4.535
4326,120,0,19,32,0,1,1,7,7,4.0,6.0,1.88,6.16,51.72,12,694,9,14,145,0.79,4.79,82,22,1721,9.83,2.71,0,23.455,16.919,0,2,3,3.0,7.606,,,1.953,5.0,7.249,4.0,5.683,4.771,9.682,23.773,13.0,8.758,14.354,4.544,4.653
2437,92,1,25,35,1,0,1,5,12,4.0,5.743,1.77,4.25,62.22,6,853,11,13,167,0.38,4.98,110,31,969,9.16,2.56,1,24.338,17.312,2,0,3,3.0,9.0,,,2.064,4.038,7.729,3.113,5.862,5.0,9.892,24.0,13.0,10.75,15.0,5.0,4.294
3188,119,1,15,36,0,0,0,7,11,4.0,6.0,0.66,5.25,128.23,9,717,6,10,61,1.28,3.37,146,26,2856,9.47,2.71,1,25.469,17.528,0,0,0,3.0,9.0,,,3.595,4.627,9.0,3.817,5.711,3.891,8.912,18.192,11.393,6.855,15.0,4.79,4.969
1618,199,0,20,26,1,1,1,6,10,4.0,6.0,0.43,4.25,68.91,7,893,10,12,50,0.87,3.6,66,22,805,8.68,3.0,0,25.856,16.599,2,2,3,3.0,9.0,,,4.033,4.038,7.998,3.38,5.902,5.0,8.781,16.972,12.012,8.414,13.647,4.544,4.178
2396,149,0,25,32,1,1,1,5,8,4.0,4.53,2.04,5.52,119.23,10,313,9,12,147,0.09,3.56,107,32,2520,9.14,2.83,0,25.929,17.209,2,2,3,3.0,8.128,,,1.803,4.767,9.0,4.0,4.991,4.771,9.906,23.865,11.907,12.428,15.0,5.0,4.891
4983,156,0,26,34,0,0,1,6,8,4.0,6.0,0.54,6.35,90.98,9,396,7,13,161,0.82,4.18,106,42,939,10.0,2.86,0,28.515,17.676,0,0,3,3.0,8.128,,,3.817,5.0,8.742,3.817,5.195,4.225,9.787,24.0,13.0,8.627,15.0,5.0,4.275
1842,62,1,20,33,0,1,0,7,7,4.0,6.0,0.99,6.17,113.57,6,757,9,11,40,0.07,3.59,150,33,2135,8.83,2.34,1,26.544,17.372,0,2,0,3.0,7.606,,,3.048,5.0,9.0,3.113,5.758,4.771,8.985,15.632,11.986,12.553,15.0,5.0,4.788
1646,140,1,27,32,0,0,1,6,9,4.0,6.0,1.12,5.0,86.54,12,275,7,11,163,0.26,3.99,95,27,2167,8.7,2.8,1,26.646,17.29,0,0,3,3.0,8.588,,,2.856,4.491,8.607,4.0,4.879,4.225,9.896,24.0,12.977,11.415,14.833,4.845,4.797
3789,197,1,18,29,0,0,1,7,7,4.0,6.0,1.26,5.57,111.59,10,969,11,9,98,1.11,4.97,99,31,1587,9.67,2.99,1,25.245,16.833,0,0,3,3.0,7.606,,,2.663,4.792,9.0,4.0,5.973,5.0,9.279,21.195,13.0,7.463,14.967,5.0,4.602
1591,88,0,22,20,0,0,0,6,10,4.0,5.277,0.9,5.56,108.52,13,940,6,9,81,1.48,4.54,120,28,1951,8.66,2.54,0,26.955,16.085,0,0,0,3.0,9.0,,,3.188,4.787,9.0,4.0,5.946,3.891,9.052,19.972,13.0,6.202,15.0,4.899,4.731
3337,66,0,30,21,0,1,1,4,8,4.0,6.0,0.08,4.74,119.41,9,539,8,12,143,0.39,4.65,128,34,1121,9.53,2.37,0,29.056,16.476,0,2,3,2.584,8.128,,,4.804,4.342,9.0,3.817,5.463,4.515,9.855,23.68,13.0,10.697,15.0,5.0,4.385
1803,152,0,23,27,1,1,1,7,12,4.0,6.0,1.42,6.0,97.34,11,334,6,11,48,0.09,4.69,73,49,2245,8.8,2.85,0,26.505,16.784,2,2,3,3.0,9.0,,,2.458,5.0,8.926,4.0,5.047,3.891,9.117,16.724,13.0,12.428,13.975,5.0,4.819
4429,198,0,23,35,0,1,0,6,8,4.0,4.075,0.59,5.03,141.12,10,885,12,12,132,0.91,4.51,86,29,2243,9.86,2.99,0,27.516,17.658,0,2,0,3.0,8.128,,,3.723,4.508,9.0,4.0,5.894,5.0,9.648,23.147,13.0,8.248,14.509,4.95,4.818
4708,170,0,29,33,0,0,1,7,9,4.0,6.0,0.61,5.5,120.47,11,705,6,8,119,0.56,3.75,142,40,1691,9.93,2.91,0,28.246,17.558,0,0,3,3.0,8.588,,,3.686,4.757,9.0,4.0,5.696,3.891,9.382,22.462,12.395,9.825,15.0,5.0,4.642
4873,94,1,16,21,1,0,0,6,9,4.0,6.0,1.54,4.1,69.64,7,826,12,11,117,1.25,3.75,91,23,2646,9.97,2.57,1,22.143,15.51,2,0,0,3.0,8.588,,,2.315,3.937,8.026,3.38,5.834,5.0,9.424,22.351,12.395,6.958,14.693,4.609,4.922
2893,123,0,17,26,0,1,0,7,7,4.0,6.0,0.94,4.02,89.3,9,889,10,9,122,0.67,3.76,131,36,1327,9.36,2.73,0,24.112,16.375,0,2,0,3.0,7.606,,,3.125,3.882,8.692,3.817,5.898,5.0,9.51,22.626,12.42,9.299,15.0,5.0,4.491
1928,65,0,19,28,1,1,0,5,10,4.0,6.0,1.38,4.09,73.4,13,680,9,9,54,0.17,4.28,95,28,1803,8.88,2.36,0,23.448,16.505,2,2,0,3.0,9.0,,,2.508,3.931,8.165,4.0,5.665,4.771,9.059,17.441,13.0,11.941,14.833,4.899,4.682
1896,171,0,22,33,0,0,0,7,7,4.0,6.0,0.62,4.4,73.06,11,901,8,13,155,0.85,4.83,107,46,814,8.86,2.91,0,26.137,17.326,0,0,0,3.0,7.606,,,3.667,4.134,8.153,4.0,5.909,4.515,9.781,24.0,13.0,8.499,15.0,5.0,4.185
4886,107,1,17,23,1,1,0,6,12,4.0,6.0,0.14,6.38,122.36,10,431,8,11,132,1.36,3.71,123,36,1875,9.97,2.65,1,27.794,16.528,2,2,0,3.0,9.0,,,4.662,5.0,9.0,4.0,5.269,4.515,9.556,23.147,12.294,6.586,15.0,5.0,4.706
3877,157,0,22,27,0,0,0,5,8,4.0,6.0,1.42,4.3,128.57,8,390,11,9,138,1.45,3.23,113,19,1898,9.7,2.86,0,25.073,16.606,0,0,0,3.0,8.128,,,2.458,4.07,9.0,3.612,5.182,5.0,9.278,23.443,10.995,6.296,15.0,4.329,4.714
1766,119,0,27,28,1,1,1,5,12,4.0,6.0,0.37,5.47,78.47,12,448,12,12,167,1.59,3.91,70,40,1936,8.78,2.71,0,28.352,17.104,2,2,3,3.0,9.0,,,4.156,4.742,8.344,4.0,5.303,5.0,9.588,24.0,12.787,5.871,13.838,5.0,4.726
4474,180,1,18,33,0,1,0,5,12,4.0,6.0,0.77,6.85,98.86,12,236,7,13,131,0.82,3.57,136,20,1390,9.87,2.94,1,26.464,17.363,0,2,0,3.0,9.0,,,3.402,5.0,8.969,4.0,4.746,4.225,9.557,23.097,11.934,8.627,15.0,4.404,4.52
2514,197,1,24,32,1,1,0,5,9,4.0,3.16,2.29,6.65,59.93,11,205,11,11,165,0.52,3.67,84,36,2358,9.19,2.99,1,24.665,17.062,2,2,0,3.0,8.588,,,1.591,5.0,7.631,4.0,4.624,5.0,9.792,24.0,12.193,10.024,14.432,5.0,4.85
4257,183,1,25,36,1,1,1,4,8,4.0,5.329,2.33,7.0,93.31,6,853,11,12,166,0.7,4.18,122,20,1688,9.81,2.95,1,25.778,17.562,2,2,3,2.584,8.128,,,1.56,5.0,8.811,3.113,5.862,5.0,9.737,24.0,13.0,9.161,15.0,4.404,4.641
1725,141,1,26,24,0,0,0,5,12,4.0,6.0,1.31,6.53,142.78,7,551,8,14,94,0.96,4.1,69,24,2680,8.75,2.8,1,27.23,16.562,0,0,0,3.0,9.0,,,2.597,5.0,9.0,3.38,5.482,4.515,9.318,20.926,13.0,8.044,13.791,4.672,4.93
2808,165,1,28,24,1,0,0,4,10,4.0,6.0,2.15,5.94,48.0,10,495,11,12,119,1.77,4.23,119,38,2736,9.32,2.89,1,24.622,16.221,2,0,0,2.584,9.0,,,1.706,4.972,7.058,4.0,5.389,5.0,9.452,22.462,13.0,5.365,15.0,5.0,4.942
2004,174,1,27,25,0,1,0,6,11,4.0,6.0,0.61,3.97,60.94,7,658,6,13,107,0.95,3.78,97,49,1904,8.93,2.92,1,26.224,16.54,0,2,0,3.0,9.0,,,3.686,3.848,7.675,3.38,5.636,3.891,9.483,21.766,12.47,8.085,14.901,5.0,4.716
1894,74,0,19,21,1,0,1,5,8,4.0,6.0,0.44,4.73,118.23,9,209,7,9,64,0.72,3.33,128,38,2570,8.86,2.44,0,26.672,16.16,2,0,3,3.0,8.128,,,4.013,4.336,9.0,3.817,4.64,4.225,8.951,18.49,11.281,9.07,15.0,5.0,4.903
2433,146,0,24,26,0,1,1,4,7,4.0,6.0,0.42,6.67,61.26,8,500,12,14,92,1.62,4.86,77,24,2559,9.15,2.82,0,27.869,16.848,0,2,3,2.584,7.606,,,4.053,5.0,7.688,3.612,5.398,5.0,9.197,20.787,13.0,5.783,14.149,4.672,4.901
3092,133,1,30,22,0,0,0,6,12,4.0,6.0,0.05,4.73,124.16,9,370,7,12,168,0.9,3.72,80,41,2751,9.44,2.77,1,29.131,16.592,0,0,0,3.0,9.0,,,4.877,4.336,9.0,3.817,5.136,4.225,9.705,24.0,12.319,8.289,14.273,5.0,4.946
4729,61,0,22,31,0,0,0,4,11,4.0,6.0,0.81,5.03,50.88,10,788,12,8,121,0.47,3.91,84,37,1321,9.94,2.33,0,25.502,17.063,0,0,0,2.584,9.0,,,3.335,4.508,7.207,4.0,5.793,5.0,9.413,22.572,12.787,10.277,14.432,5.0,4.488
1898,198,1,16,20,1,1,1,5,12,4.0,5.785,1.63,5.9,143.71,6,720,8,10,76,0.02,3.72,89,37,994,8.86,2.99,1,24.296,15.707,2,2,3,3.0,9.0,,,2.213,4.953,9.0,3.113,5.715,4.515,9.464,19.568,12.319,12.871,14.62,5.0,4.31
3782,127,1,18,20,0,0,1,7,10,4.0,6.0,2.31,4.7,106.96,13,474,8,8,95,0.62,4.1,100,48,801,9.67,2.74,1,23.032,15.518,0,0,3,3.0,9.0,,,1.575,4.319,9.0,4.0,5.352,4.515,9.229,20.994,13.0,9.535,15.0,5.0,4.175
3976,125,1,19,27,0,0,1,5,11,4.0,6.0,1.21,3.74,46.28,7,417,9,8,32,1.16,4.88,107,44,1794,9.73,2.73,1,22.405,16.259,0,0,3,3.0,9.0,,,2.73,3.681,6.965,3.38,5.24,4.771,8.252,14.324,13.0,7.279,15.0,5.0,4.679
3774,115,1,20,20,1,0,1,4,7,4.0,6.0,0.16,6.02,90.49,12,536,10,12,164,0.31,3.19,75,20,808,9.67,2.69,1,28.272,16.263,2,0,3,2.584,7.606,,,4.616,5.0,8.728,4.0,5.458,5.0,9.689,24.0,10.878,11.133,14.063,4.404,4.181
4151,157,1,24,29,0,1,1,5,7,4.0,6.0,1.97,6.49,142.2,13,830,8,14,154,0.49,4.83,102,37,1549,9.78,2.86,1,26.055,16.931,0,2,3,3.0,7.606,,,1.867,5.0,9.0,4.0,5.838,4.515,9.863,24.0,13.0,10.175,15.0,5.0,4.587
4424,67,1,29,29,0,0,1,4,10,4.0,6.0,0.29,3.62,108.35,8,317,11,14,164,1.6,3.77,124,38,887,9.86,2.38,1,27.618,17.115,0,0,3,2.584,9.0,,,4.325,3.59,9.0,3.612,5.002,5.0,9.62,24.0,12.445,5.841,15.0,5.0,4.239
4625,89,0,30,30,1,0,0,5,9,4.0,6.0,1.5,6.72,131.07,12,834,12,14,124,1.3,3.17,130,49,2939,9.91,2.54,0,26.939,17.133,2,0,0,3.0,8.588,,,2.362,5.0,9.0,4.0,5.842,5.0,9.443,22.733,10.819,6.787,15.0,5.0,4.987
2023,75,0,25,33,0,0,1,7,7,4.0,5.927,0.12,6.91,132.81,13,537,8,10,46,0.29,4.42,112,45,1776,8.94,2.44,0,29.683,17.711,0,0,3,3.0,7.606,,,4.709,5.0,9.0,4.0,5.46,4.515,9.07,16.467,13.0,11.245,15.0,5.0,4.673
3605,101,1,16,29,1,0,0,4,10,4.0,6.0,0.04,5.15,70.49,6,420,10,8,110,0.39,4.34,67,18,1205,9.62,2.61,1,26.675,17.005,2,0,0,2.584,9.0,,,4.901,4.574,8.058,3.113,5.246,5.0,9.236,21.946,13.0,10.697,13.696,4.249,4.43
2941,196,1,15,20,1,0,0,5,10,4.0,6.0,1.46,5.51,109.43,10,356,8,12,130,0.87,4.11,80,31,913,9.38,2.99,1,24.021,15.666,2,0,0,3.0,9.0,,,2.41,4.762,9.0,4.0,5.103,4.515,9.642,23.046,13.0,8.414,14.273,5.0,4.257
1201,75,1,15,32,0,0,0,6,10,4.0,6.0,2.34,4.6,111.66,6,867,9,9,150,1.32,4.16,111,37,719,8.32,2.44,1,21.987,16.741,0,0,0,3.0,9.0,,,1.552,4.259,9.0,3.113,5.876,4.771,9.56,24.0,13.0,6.719,15.0,5.0,4.108
2716,136,0,26,34,1,0,1,6,9,4.0,6.0,1.51,6.52,111.56,11,491,6,14,124,0.87,3.81,131,47,2009,9.28,2.78,0,26.924,17.505,2,0,3,3.0,8.588,,,2.35,5.0,9.0,4.0,5.382,3.891,9.616,22.733,12.544,8.414,15.0,5.0,4.75
3035,133,0,16,25,0,1,1,5,10,4.0,6.0,0.9,6.99,144.94,8,816,10,14,86,0.82,4.82,127,34,1544,9.41,2.77,0,25.69,16.471,0,2,3,3.0,9.0,,,3.188,5.0,9.0,3.612,5.823,5.0,9.384,20.354,13.0,8.627,15.0,5.0,4.585
1828,60,0,27,30,0,1,1,7,8,4.0,5.193,0.54,3.91,72.02,10,608,10,8,47,0.64,4.2,130,45,2464,8.82,2.32,0,26.648,17.099,0,2,3,3.0,8.128,,,3.817,3.805,8.115,4.0,5.568,5.0,8.685,16.597,13.0,9.44,15.0,5.0,4.877
2039,147,0,22,22,1,1,0,4,10,4.0,6.0,0.07,6.75,99.54,13,691,6,13,149,1.45,3.31,146,18,2646,8.95,2.83,0,29.14,16.593,2,2,0,2.584,9.0,,,4.828,5.0,8.987,4.0,5.679,3.891,9.475,23.955,11.224,6.296,15.0,4.249,4.922
1314,97,1,25,26,0,1,0,7,7,4.0,6.0,0.21,4.02,105.84,13,949,9,8,137,0.22,4.64,69,44,1638,8.43,2.59,1,28.177,16.886,0,2,0,3.0,7.606,,,4.502,3.882,9.0,4.0,5.955,4.771,9.559,23.394,13.0,11.646,13.791,5.0,4.622
3770,121,1,20,20,1,1,0,4,10,4.0,6.0,1.0,5.72,55.15,11,467,7,8,42,0.61,4.46,69,46,2874,9.67,2.71,1,25.197,15.837,2,2,0,2.584,9.0,,,3.033,4.867,7.415,4.0,5.339,4.225,8.543,15.922,13.0,9.583,13.791,5.0,4.973
4226,124,1,28,30,0,0,0,5,11,4.0,5.788,0.87,6.39,145.47,13,304,12,11,91,1.08,3.47,128,27,648,9.8,2.73,1,28.002,17.255,0,0,0,3.0,9.0,,,3.236,5.0,9.0,4.0,4.966,5.0,9.277,20.717,11.667,7.576,15.0,4.845,4.043
4232,76,0,26,28,0,0,0,6,7,4.0,6.0,2.08,6.46,134.25,9,910,9,10,150,0.73,3.08,122,42,1117,9.8,2.45,0,26.184,16.846,0,0,0,3.0,7.606,,,1.767,5.0,9.0,3.817,5.918,4.771,9.685,24.0,10.549,9.025,15.0,5.0,4.383
3722,92,0,22,20,1,0,0,5,10,4.0,6.0,0.73,4.07,101.28,10,604,8,9,60,1.5,4.75,100,25,685,9.65,2.56,0,26.211,15.981,2,0,0,3.0,9.0,,,3.471,3.917,9.0,4.0,5.562,4.515,8.792,18.089,13.0,6.141,15.0,4.732,4.078
4071,108,0,24,33,0,1,0,6,8,4.0,6.0,1.36,6.3,149.72,10,669,6,12,140,1.66,4.3,137,33,831,9.76,2.65,0,26.903,17.412,0,2,0,3.0,8.128,,,2.533,5.0,9.0,4.0,5.651,3.891,9.589,23.539,13.0,5.669,15.0,5.0,4.198
4318,67,0,24,33,1,0,0,6,10,4.0,6.0,1.23,4.6,49.92,12,777,8,10,95,0.58,4.23,69,29,1934,9.83,2.38,0,24.815,17.176,2,0,0,3.0,9.0,,,2.703,4.259,7.158,4.0,5.781,4.515,9.453,20.994,13.0,9.727,13.791,4.95,4.726
1400,75,1,19,22,1,0,0,6,7,4.0,5.2,1.23,4.67,88.11,8,389,11,11,48,0.81,3.87,117,44,1519,8.51,2.44,1,24.641,15.995,2,0,0,3.0,7.606,,,2.703,4.301,8.656,3.612,5.18,5.0,8.939,16.724,12.69,8.671,15.0,5.0,4.575
4745,92,0,16,23,1,0,0,5,9,4.0,6.0,0.92,5.63,42.1,8,427,9,8,71,0.25,4.18,130,47,2307,9.94,2.56,0,23.651,15.973,2,0,0,3.0,8.588,,,3.156,4.822,6.726,3.612,5.261,4.771,9.115,19.139,13.0,11.472,15.0,5.0,4.836
2625,138,0,16,32,1,0,0,7,9,4.0,6.0,2.0,5.48,87.82,10,890,9,8,59,0.06,4.69,70,47,2626,9.24,2.79,0,23.175,16.885,2,0,0,3.0,8.588,,,1.839,4.747,8.647,4.0,5.899,4.771,8.983,17.985,13.0,12.616,13.838,5.0,4.917
2281,194,1,29,29,1,0,1,4,12,4.0,6.0,1.39,4.29,46.71,12,706,7,10,154,0.47,4.93,121,18,773,9.08,2.98,1,24.403,16.73,2,0,3,2.584,9.0,,,2.495,4.064,6.989,4.0,5.698,4.225,9.772,24.0,13.0,10.277,15.0,4.249,4.153
1001,73,0,25,34,1,1,1,5,8,4.0,6.0,0.29,6.69,49.98,10,236,6,8,162,1.37,3.49,77,20,1660,8.11,2.43,0,28.082,17.63,2,2,3,3.0,8.128,,,4.325,5.0,7.161,4.0,4.746,3.891,9.227,24.0,11.721,6.553,14.149,4.404,4.63
4173,196,0,16,36,1,0,0,4,10,4.0,6.0,0.13,6.19,127.03,9,511,8,12,53,0.44,4.64,110,34,1736,9.79,2.99,0,27.581,17.753,2,0,0,2.584,9.0,,,4.685,5.0,9.0,3.817,5.417,4.515,9.128,17.327,13.0,10.433,15.0,5.0,4.658
4659,63,1,20,34,1,1,1,6,7,4.0,5.053,1.5,4.95,149.71,6,612,7,9,143,1.03,4.57,144,19,1640,9.92,2.35,1,24.933,17.285,2,2,3,3.0,7.606,,,2.362,4.463,9.0,3.113,5.574,4.225,9.489,23.68,13.0,7.768,15.0,4.329,4.623
1509,113,1,23,26,0,0,1,5,12,4.0,4.677,2.02,4.61,90.15,9,859,6,8,91,0.39,4.19,143,28,1224,8.59,2.68,1,24.525,16.428,0,0,3,3.0,9.0,,,1.821,4.265,8.718,3.817,5.868,3.891,9.245,20.717,13.0,10.697,15.0,4.899,4.44
3868,62,0,23,29,1,0,0,7,8,4.0,6.0,1.88,6.56,142.8,12,321,8,11,142,1.02,4.36,134,42,1528,9.7,2.34,0,25.906,16.913,2,0,0,3.0,8.128,,,1.953,5.0,9.0,4.0,5.013,4.515,9.707,23.633,13.0,7.806,15.0,5.0,4.579
4003,150,1,20,36,0,1,1,5,7,4.0,6.0,2.07,3.68,70.58,6,560,6,8,64,0.32,3.98,125,40,894,9.74,2.84,1,22.111,17.153,0,2,3,3.0,7.606,,,1.776,3.636,8.061,3.113,5.496,3.891,9.012,18.49,12.953,11.078,15.0,5.0,4.244
2416,128,0,16,30,0,1,0,7,9,4.0,6.0,0.4,5.28,73.54,6,903,12,11,165,0.09,4.91,94,50,2006,9.15,2.75,0,25.805,17.0,0,2,0,3.0,8.588,,,4.094,4.643,8.17,3.113,5.911,5.0,9.964,24.0,13.0,12.428,14.798,5.0,4.749
1670,130,0,26,22,1,0,0,6,8,4.0,6.0,0.03,5.99,44.78,13,588,6,9,96,1.03,4.22,132,27,2464,8.71,2.76,0,28.596,16.524,2,0,0,3.0,8.128,,,4.926,4.995,6.881,4.0,5.539,3.891,9.26,21.062,13.0,7.768,15.0,4.845,4.877
1201,136,1,23,30,1,1,0,4,10,4.0,6.0,1.8,5.23,45.95,9,518,8,11,150,1.08,3.76,109,25,2583,8.32,2.78,1,23.932,16.775,2,2,0,2.584,9.0,,,2.033,4.617,6.947,3.817,5.429,4.515,9.671,24.0,12.42,7.576,15.0,4.732,4.907
3979,122,0,29,21,1,0,0,4,8,4.0,6.0,1.64,6.54,117.2,7,542,8,8,112,1.21,4.79,122,25,2228,9.73,2.72,0,26.739,16.169,2,0,0,2.584,8.128,,,2.202,5.0,9.0,3.38,5.468,4.515,9.184,22.064,13.0,7.099,15.0,4.732,4.814
4861,140,0,15,28,0,0,1,6,8,4.0,6.0,1.06,4.16,49.31,11,977,9,9,168,0.17,4.07,150,26,2469,9.97,2.8,0,22.096,16.329,0,0,3,3.0,8.128,,,2.943,3.978,7.127,4.0,5.98,4.771,9.796,24.0,13.0,11.941,15.0,4.79,4.878
2156,97,0,23,23,0,1,1,7,9,4.0,6.0,0.07,5.38,50.26,13,232,9,11,167,1.01,4.46,131,32,2087,9.01,2.59,0,27.853,16.535,0,2,3,3.0,8.588,,,4.828,4.696,7.176,4.0,4.731,4.771,9.749,24.0,13.0,7.846,15.0,5.0,4.773
2742,121,0,19,20,1,1,1,4,7,4.0,3.955,1.04,4.77,75.1,12,714,6,12,133,0.02,3.78,80,26,1960,9.29,2.71,0,24.766,15.775,2,2,3,2.584,7.606,,,2.973,4.36,8.226,4.0,5.707,3.891,9.827,23.197,12.47,12.871,14.273,4.79,4.734
1292,193,1,19,21,0,1,1,5,9,4.0,6.0,1.63,5.65,117.89,6,625,7,11,133,1.13,3.55,97,47,2576,8.41,2.98,1,24.96,15.922,0,2,3,3.0,8.588,,,2.213,4.832,9.0,3.113,5.592,4.225,9.577,23.197,11.881,7.389,14.901,5.0,4.905
1246,149,1,20,26,1,0,1,6,11,4.0,6.0,1.11,6.0,115.4,7,709,12,10,132,1.47,3.78,128,28,1243,8.37,2.83,1,26.317,16.657,2,0,3,3.0,9.0,,,2.87,5.0,9.0,3.38,5.701,5.0,9.533,23.147,12.47,6.234,15.0,4.899,4.45
2801,83,1,28,23,0,1,0,7,7,4.0,5.827,0.29,5.43,74.47,9,782,7,13,77,0.86,3.23,112,47,1697,9.32,2.5,1,28.434,16.609,0,2,0,3.0,7.606,,,4.325,4.721,8.204,3.817,5.786,4.225,9.186,19.651,10.995,8.457,15.0,5.0,4.644
2839,95,1,15,34,1,0,0,7,12,4.0,6.0,1.22,5.87,137.07,13,208,10,9,57,0.49,4.37,77,49,2205,9.34,2.58,1,24.701,17.259,2,0,0,3.0,9.0,,,2.717,4.939,9.0,4.0,4.636,5.0,8.982,17.773,13.0,10.175,14.149,5.0,4.808
3828,67,1,27,35,0,0,0,5,7,4.0,6.0,2.22,6.05,121.98,12,858,7,9,104,1.53,4.58,75,50,1141,9.69,2.38,1,26.03,17.499,0,0,0,3.0,7.606,,,1.648,5.0,9.0,4.0,5.867,4.225,9.205,21.581,13.0,6.049,14.063,5.0,4.396
2896,164,0,29,34,0,1,1,4,12,4.0,6.0,0.1,3.96,65.7,13,966,11,10,122,1.6,4.6,86,36,574,9.36,2.89,0,27.683,17.587,0,2,3,2.584,9.0,,,4.756,3.84,7.872,4.0,5.97,5.0,9.474,22.626,13.0,5.841,14.509,5.0,3.967
3510,117,0,20,20,1,1,0,6,12,4.0,6.0,1.27,5.76,145.77,8,857,12,9,46,1.4,3.67,65,22,1428,9.59,2.7,0,25.884,15.935,2,2,0,3.0,9.0,,,2.65,4.886,9.0,3.612,5.866,5.0,8.452,16.467,12.193,6.456,13.597,4.544,4.536
3451,133,1,24,30,1,1,1,4,12,4.0,6.0,0.9,3.86,124.8,8,606,7,12,52,0.21,4.82,115,18,704,9.56,2.77,1,26.171,17.044,2,2,3,2.584,9.0,,,3.188,3.769,9.0,3.612,5.565,4.225,9.076,17.21,13.0,11.704,15.0,4.249,4.095
4417,104,1,26,23,0,1,1,6,12,4.0,6.0,1.5,6.42,55.63,13,223,12,8,62,0.08,3.86,73,27,1727,9.85,2.63,1,25.829,16.271,0,2,3,3.0,9.0,,,2.362,5.0,7.437,4.0,4.697,5.0,8.979,18.292,12.666,12.49,13.975,4.845,4.655
1499,97,0,22,23,1,1,0,4,11,4.0,6.0,2.05,6.81,148.39,10,532,9,8,115,1.72,4.74,75,18,1567,8.59,2.59,0,25.432,16.218,2,2,0,2.584,9.0,,,1.794,5.0,9.0,4.0,5.452,4.771,9.002,22.237,13.0,5.501,14.063,4.249,4.594
4105,78,1,29,32,0,0,0,5,7,4.0,4.846,2.27,4.25,47.18,8,710,9,14,130,1.45,4.91,89,22,1377,9.77,2.47,1,23.103,16.877,0,0,0,3.0,7.606,,,1.607,4.038,7.014,3.612,5.703,4.771,9.488,23.046,13.0,6.296,14.62,4.544,4.514
4552,151,1,24,31,1,0,0,7,12,4.0,6.0,0.8,3.87,143.86,12,672,7,10,111,1.6,4.47,100,34,667,9.89,2.84,1,26.391,17.166,2,0,0,3.0,9.0,,,3.352,3.776,9.0,4.0,5.655,4.225,9.425,22.005,13.0,5.841,15.0,5.0,4.061
3109,122,1,24,32,0,1,0,7,7,4.0,4.937,1.67,6.36,41.39,6,645,6,11,65,0.55,4.22,106,19,1241,9.44,2.72,1,24.736,17.071,0,2,0,3.0,7.606,,,2.169,5.0,6.683,3.113,5.619,3.891,9.151,18.586,13.0,9.874,15.0,4.329,4.449
1211,79,1,18,36,1,1,1,7,10,4.0,6.0,0.95,5.55,132.58,13,914,9,9,50,1.21,4.53,100,45,2412,8.34,2.47,1,25.825,17.567,2,2,3,3.0,9.0,,,3.109,4.782,9.0,4.0,5.922,4.771,8.748,16.972,13.0,7.099,15.0,5.0,4.864
3303,93,1,25,21,0,1,0,4,9,4.0,6.0,0.52,6.06,94.23,13,725,12,12,82,1.8,4.04,117,27,2467,9.51,2.57,1,28.621,16.419,0,2,0,2.584,8.588,,,3.855,5.0,8.838,4.0,5.721,5.0,9.147,20.05,13.0,5.285,15.0,4.845,4.878
1825,77,0,17,31,0,1,1,7,7,4.0,6.0,0.9,4.48,97.0,8,269,6,11,153,1.3,4.2,133,27,1079,8.82,2.46,0,24.798,16.98,0,2,3,3.0,7.606,,,3.188,4.185,8.917,3.612,4.86,3.891,9.675,24.0,13.0,6.787,15.0,4.845,4.361
3477,142,1,25,23,0,1,1,4,10,4.0,6.0,1.64,6.87,39.01,12,471,7,14,162,1.67,4.58,138,41,1808,9.57,2.81,1,24.943,16.151,0,2,3,2.584,9.0,,,2.202,5.0,6.534,4.0,5.346,4.225,9.638,24.0,13.0,5.64,15.0,5.0,4.684
3650,101,1,27,20,0,1,1,4,9,4.0,4.375,0.73,6.72,138.45,10,625,8,8,82,0.4,3.09,73,27,2960,9.63,2.61,1,28.279,16.264,0,2,3,2.584,8.588,,,3.471,5.0,9.0,4.0,5.592,4.515,8.972,20.05,10.579,10.643,13.975,4.845,4.992
2704,115,0,25,33,0,1,0,5,7,4.0,6.0,2.14,6.94,121.59,6,536,10,13,106,1.51,3.21,113,49,2896,9.28,2.69,0,26.117,17.324,0,2,0,3.0,7.606,,,1.715,5.0,9.0,3.113,5.458,5.0,9.296,21.705,10.937,6.11,15.0,5.0,4.978
2648,154,1,24,31,1,0,1,7,7,4.0,6.0,0.96,6.68,140.03,6,808,7,14,120,0.87,4.42,124,19,836,9.25,2.85,1,27.592,17.303,2,0,3,3.0,7.606,,,3.094,5.0,9.0,3.113,5.815,4.225,9.526,22.517,13.0,8.414,15.0,4.329,4.202
2583,117,1,21,23,0,0,0,5,8,4.0,6.0,0.86,4.63,62.75,8,994,12,13,66,1.19,3.8,91,42,1340,9.22,2.7,1,25.22,16.189,0,0,0,3.0,8.128,,,3.253,4.277,7.751,3.612,5.995,5.0,9.068,18.681,12.519,7.17,14.693,5.0,4.497
1887,82,1,26,22,1,0,0,7,7,4.0,6.0,1.61,6.5,102.8,11,930,9,9,59,0.96,4.94,96,30,1292,8.86,2.5,1,26.78,16.287,2,0,0,3.0,7.606,,,2.235,5.0,9.0,4.0,5.937,4.771,8.922,17.985,13.0,8.044,14.867,5.0,4.474
1981,92,1,18,35,1,1,1,6,8,4.0,6.0,1.05,6.08,105.86,10,919,6,11,72,0.96,4.65,113,34,2475,8.91,2.56,1,25.913,17.486,2,2,3,3.0,8.128,,,2.958,5.0,9.0,4.0,5.927,3.891,9.222,19.227,13.0,8.044,15.0,5.0,4.88
2185,95,0,18,28,1,1,0,5,11,4.0,6.0,1.06,5.52,60.33,11,868,6,11,165,1.48,4.27,113,36,1786,9.03,2.58,0,24.566,16.647,2,2,0,3.0,9.0,,,2.943,4.767,7.648,4.0,5.877,3.891,9.666,24.0,13.0,6.202,15.0,5.0,4.676
4673,126,0,16,24,1,0,0,7,10,4.0,6.0,1.69,6.23,42.37,9,334,8,11,113,1.55,3.42,112,25,1355,9.92,2.74,0,22.426,15.918,2,0,0,3.0,9.0,,,2.148,5.0,6.742,3.817,5.047,4.515,9.332,22.122,11.531,5.989,15.0,4.732,4.504
4855,138,0,30,32,1,1,1,4,12,4.0,6.0,2.0,6.04,79.09,10,283,9,11,126,0.98,4.82,122,44,1996,9.96,2.79,0,25.819,17.196,2,2,3,2.584,9.0,,,1.839,5.0,8.365,4.0,4.904,4.771,9.628,22.839,13.0,7.964,15.0,5.0,4.746
1818,79,0,16,21,1,0,1,5,12,4.0,6.0,0.31,5.81,40.08,7,959,7,9,150,1.8,3.11,79,33,650,8.81,2.47,0,25.252,15.964,2,0,3,3.0,9.0,,,4.282,4.91,6.602,3.38,5.964,4.225,9.327,24.0,10.64,5.285,14.232,5.0,4.045
4510,111,0,25,27,1,1,1,6,10,4.0,6.0,1.84,6.34,146.39,10,324,6,11,71,1.35,4.72,81,26,1974,9.88,2.67,0,26.474,16.78,2,2,3,3.0,9.0,,,1.993,5.0,9.0,4.0,5.021,3.891,9.071,19.139,13.0,6.619,14.314,4.79,4.739
2157,116,0,24,35,1,1,1,6,8,4.0,6.0,1.41,3.66,80.35,13,303,12,10,100,0.21,4.51,105,41,2061,9.01,2.69,0,24.571,17.338,2,2,3,3.0,8.128,,,2.471,3.621,8.407,4.0,4.963,5.0,9.652,21.326,13.0,11.704,15.0,5.0,4.766
1293,181,1,30,31,0,1,1,6,9,4.0,6.0,2.03,4.21,39.11,13,723,10,13,37,0.39,4.24,114,39,2021,8.41,2.94,1,22.976,16.76,0,2,3,3.0,8.588,,,1.812,4.011,6.541,4.0,5.718,5.0,8.881,15.171,13.0,10.697,15.0,5.0,4.753
3855,178,1,28,34,1,1,0,5,11,4.0,5.113,2.01,3.63,97.66,9,248,9,14,54,1.05,4.31,122,24,632,9.7,2.93,1,24.333,17.217,2,2,0,3.0,9.0,,,1.83,3.598,8.935,3.817,4.789,4.771,8.941,17.441,13.0,7.69,15.0,4.672,4.027
1695,91,1,26,22,0,1,1,6,10,4.0,6.0,0.8,5.47,136.85,8,261,6,14,99,0.82,4.49,119,18,1900,8.73,2.55,1,27.833,16.425,0,2,3,3.0,9.0,,,3.352,4.742,9.0,3.612,4.833,3.891,9.385,21.261,13.0,8.627,15.0,4.249,4.715
1662,103,0,23,36,1,1,1,4,12,4.0,5.741,0.2,4.79,55.04,12,893,12,10,79,1.6,4.8,80,25,2461,8.71,2.62,0,27.248,17.718,2,2,3,2.584,9.0,,,4.524,4.371,7.41,4.0,5.902,5.0,9.098,19.813,13.0,5.841,14.273,4.732,4.876
2945,122,0,15,24,0,1,0,6,10,4.0,6.0,0.38,5.78,92.29,6,583,7,9,170,0.08,3.96,145,45,1874,9.38,2.72,0,26.367,16.451,0,2,0,3.0,9.0,,,4.135,4.896,8.781,3.113,5.531,4.225,9.845,24.0,12.906,12.49,15.0,5.0,4.706
2461,145,1,16,26,1,0,1,4,11,4.0,6.0,1.34,5.73,91.2,6,585,11,10,103,1.8,4.91,85,36,1112,9.17,2.82,1,24.472,16.422,2,0,3,2.584,9.0,,,2.559,4.872,8.749,3.113,5.534,5.0,9.316,21.518,13.0,5.285,14.471,5.0,4.38
3069,115,1,28,34,0,1,0,4,7,4.0,6.0,2.1,6.56,63.91,6,473,6,8,122,0.19,4.89,141,42,2371,9.43,2.69,1,25.283,17.324,0,2,0,2.584,7.606,,,1.75,5.0,7.799,3.113,5.35,3.891,9.536,22.626,13.0,11.822,15.0,5.0,4.853
3451,91,1,27,36,0,0,1,6,11,4.0,6.0,1.49,5.25,147.72,13,590,12,13,59,0.49,3.17,85,27,2649,9.56,2.55,1,26.484,17.637,0,0,3,3.0,9.0,,,2.374,4.627,9.0,4.0,5.542,5.0,9.024,17.985,10.819,10.175,14.471,4.845,4.922
1892,200,1,29,28,0,1,1,5,7,4.0,6.0,0.11,5.92,64.83,10,589,9,13,51,1.18,3.74,125,23,866,8.86,3.0,1,28.946,17.172,0,2,3,3.0,7.606,,,4.732,4.963,7.837,4.0,5.54,4.771,8.825,17.092,12.37,7.206,15.0,4.609,4.224
2673,175,0,30,21,0,1,0,4,8,4.0,6.0,0.73,4.72,42.72,12,628,6,9,165,1.8,3.85,66,37,660,9.27,2.92,0,25.912,16.056,0,2,0,2.584,8.128,,,3.471,4.33,6.762,4.0,5.596,3.891,9.406,24.0,12.642,5.285,13.647,5.0,4.054
1334,90,1,18,27,0,0,1,5,11,4.0,5.134,0.75,5.21,47.57,9,700,12,14,85,1.61,3.66,120,34,1624,8.45,2.55,1,24.554,16.54,0,0,3,3.0,9.0,,,3.436,4.606,7.035,3.817,5.69,5.0,9.18,20.28,12.167,5.812,15.0,5.0,4.617
1480,163,1,16,22,1,0,1,7,7,4.0,6.0,0.92,5.47,126.82,9,345,12,11,163,1.64,4.67,148,19,2764,8.57,2.88,1,25.303,16.087,2,0,3,3.0,7.606,,,3.156,4.742,9.0,3.817,5.076,5.0,9.553,24.0,13.0,5.726,15.0,4.329,4.949
4110,184,1,22,36,0,0,1,5,8,4.0,6.0,0.75,5.17,48.43,7,208,8,12,78,0.55,3.99,140,37,1519,9.77,2.95,1,25.646,17.547,0,0,3,3.0,8.128,,,3.436,4.585,7.081,3.38,4.636,4.515,9.377,19.733,12.977,9.874,15.0,5.0,4.575
1775,122,1,28,21,0,0,0,7,8,4.0,6.0,0.08,5.63,46.72,9,735,8,11,63,0.53,3.31,93,49,1985,8.78,2.72,1,28.323,16.38,0,0,0,3.0,8.128,,,4.804,4.822,6.989,3.817,5.733,4.515,9.121,18.392,11.224,9.974,14.764,5.0,4.742
3898,86,0,28,30,0,0,1,4,8,4.0,6.0,0.07,6.09,95.02,10,596,12,12,150,0.91,3.6,79,23,2648,9.71,2.52,0,29.729,17.448,0,0,3,2.584,8.128,,,4.828,5.0,8.861,4.0,5.55,5.0,9.635,24.0,12.012,8.248,14.232,4.609,4.922
1471,141,0,16,31,1,0,1,5,9,4.0,6.0,0.37,6.74,138.3,6,857,12,8,91,0.99,4.3,78,35,799,8.56,2.8,0,26.932,17.228,2,0,3,3.0,8.588,,,4.156,5.0,9.0,3.113,5.866,5.0,9.069,20.717,13.0,7.924,14.191,5.0,4.174
2222,126,0,19,31,1,0,1,4,12,4.0,6.0,1.74,4.27,71.76,9,903,7,12,79,0.05,4.52,141,21,2940,9.05,2.74,0,22.964,16.758,2,0,3,2.584,9.0,,,2.095,4.051,8.105,3.817,5.911,4.225,9.463,19.813,13.0,12.679,15.0,4.476,4.987
3460,125,1,21,34,1,0,1,4,12,4.0,6.0,0.32,6.33,76.67,12,214,10,13,107,0.59,4.26,100,39,1621,9.57,2.73,1,27.794,17.599,2,0,3,2.584,9.0,,,4.261,5.0,8.282,4.0,4.661,5.0,9.597,21.766,13.0,9.679,15.0,5.0,4.616
1799,76,0,17,32,1,0,0,5,12,4.0,6.0,0.76,6.54,76.76,6,262,12,11,134,0.58,4.83,141,22,2122,8.8,2.45,0,25.734,17.186,2,0,0,3.0,9.0,,,3.419,5.0,8.285,3.113,4.837,5.0,9.702,23.247,13.0,9.727,15.0,4.544,4.784
4366,162,0,24,31,1,1,1,4,10,4.0,6.0,1.38,6.0,107.75,11,585,6,14,132,0.84,4.77,131,23,1705,9.84,2.88,0,26.872,17.221,2,2,3,2.584,9.0,,,2.508,5.0,9.0,4.0,5.534,3.891,9.64,23.147,13.0,8.542,15.0,4.609,4.647
4325,166,1,24,27,1,1,1,7,9,4.0,5.434,1.83,5.17,117.22,11,878,8,13,114,0.73,4.37,101,40,2720,9.83,2.89,1,25.69,16.683,2,2,3,3.0,8.588,,,2.003,4.585,9.0,4.0,5.887,4.515,9.61,22.18,13.0,9.025,15.0,5.0,4.939
